Sample,MLST,spa_Type,SCCmec_Type,MRSA_Status,Critical_AMR_Genes,High_Risk_AMR_Genes,Total_AMR_Genes,VFDB_Genes
064171_1,ST772,t657,SCCmec_type_V(5C2),MRSA,,,0,adsA;aur;cap8B;cap8C;cap8D;cap8E;cap8F;cap8G;cap8L;cap8M;cap8O;cap8P;capA;capN;clfA;clfB;coa;eap/map;ebp;esaA;esaB;esaG;essA;essB;esxA;fnbA;fnbB;geh;harA;hlb;hld;hlgA;hlgB;hlgC;hly/hla;hysA;icaA;icaB;icaC;icaD;icaR;isdA;isdB;isdC;isdD;isdE;isdF;isdG;isdI;lip;lukF-PV;lukS-PV;sbi;scn;sdrC;sdrD;sdrE;sea;sec;sell;set16;set17;set18;set19;set20;set22;set23;set24;set25;spa;srtB;sspA;sspB;sspC;vWbp;selX;sei;sem;seu;seo;sen;selZ;sel27;sel28;sec2;sel;sel26;seb;sek;seq;sep;seh;ser;sej;sed;eta;etb;sel30
064172_2,ST772,t657,SCCmec_type_V(5C2),MRSA,,,0,adsA;aur;cap8B;cap8C;cap8D;cap8E;cap8F;cap8G;cap8L;cap8M;cap8O;cap8P;capA;capN;clfA;clfB;coa;eap/map;ebp;esaA;esaB;esaG;essA;essB;esxA;fnbA;fnbB;geh;harA;hlb;hld;hlgA;hlgB;hlgC;hly/hla;hysA;icaA;icaB;icaC;icaD;icaR;isdA;isdB;isdC;isdD;isdE;isdF;isdG;isdI;lip;lukF-PV;lukS-PV;sbi;scn;sdrC;sdrD;sdrE;sea;sec;sell;set16;set17;set18;set19;set20;set22;set23;set24;set25;spa;srtB;sspA;sspB;sspC;vWbp;selX;sei;sem;seu;seo;sen;selZ;sel27;sel28;sec2;sel;sel26;seb;sek;seq;sep;seh;ser;sej;sed;eta;etb;sel30
064173_3,ST8,t451,Not Assigned,MSSA,,,0,adsA;aur;cap8B;cap8C;cap8D;cap8E;cap8F;cap8G;cap8L;cap8M;cap8O;cap8P;capA;capN;clfA;clfB;coa;eap/map;ebp;esaA;esaB;esaD;esaE;esaG;essA;essB;essC;esxA;esxB;esxC;esxD;fnbA;fnbB;geh;harA;hlb;hld;hlgA;hlgB;hlgC;hly/hla;hysA;icaA;icaB;icaC;icaD;icaR;isdA;isdB;isdC;isdD;isdE;isdF;isdG;isdI;lip;lukF-PV;sbi;scn;sdrC;sdrD;sdrE;sea;seb;selk;selq;set16;set17;set18;set20;set21;set22;set23;set24;set25;spa;srtB;sspA;sspB;sspC;vWbp;lukS-PV;selX;sei;sem;seu;seo;sen;selZ;sel27;sel28;sec2;sel;sel26;sek;seq;sep;seh;ser;sej;sed;eta;etb;sel30
064174_4,ST772,t657,SCCmec_type_V(5C2),MRSA,,,0,adsA;aur;cap8B;cap8C;cap8D;cap8E;cap8F;cap8G;cap8L;cap8M;cap8O;cap8P;capA;capN;clfA;clfB;coa;eap/map;ebp;esaA;esaB;esaG;essA;essB;esxA;fnbA;fnbB;geh;harA;hlb;hld;hlgA;hlgB;hlgC;hly/hla;hysA;icaA;icaB;icaC;icaD;icaR;isdA;isdB;isdC;isdD;isdE;isdF;isdG;isdI;lip;lukF-PV;lukS-PV;sbi;scn;sdrC;sdrD;sdrE;sea;sec;sell;set16;set17;set18;set19;set20;set22;set23;set24;set25;spa;srtB;sspA;sspB;sspC;vWbp;selX;sei;sem;seu;seo;sen;selZ;sel27;sel28;sec2;sel;sel26;seb;sek;seq;sep;seh;ser;sej;sed;eta;etb;sel30
064175_5,Not typed,t5129,Not Assigned,MSSA,,,0,adsA;aur;cap8B;cap8C;cap8D;cap8E;cap8F;cap8G;cap8L;cap8M;cap8O;cap8P;capA;capN;clfA;clfB;coa;ebp;esaA;esaB;esaD;esaE;esaG;essA;essB;essC;esxA;esxB;esxC;esxD;ete;fnbA;fnbB;geh;hlb;hld;hlgA;hlgB;hlgC;hly/hla;hysA;icaA;icaB;icaC;icaD;icaR;isdA;isdB;isdC;isdD;isdE;isdF;isdG;isdI;lip;lukF-PV;lukS-PV;sak;sbi;scn;sdrD;sdrE;set16;set17;set20;set22;set25;spa;srtB;sspA;sspB;sspC;selX;sei;sem;seu;seo;sen;sea;selZ;sel27;sel28;sec2;sel;sel26;seb;sek;seq;sep;seh;ser;sej;sed;eta;etb;sel30
064176_6,ST772,t657,SCCmec_type_V(5C2),MRSA,,,0,adsA;aur;cap8B;cap8C;cap8D;cap8E;cap8F;cap8G;cap8L;cap8M;cap8O;cap8P;capA;capN;clfA;clfB;coa;eap/map;ebp;esaA;esaB;esaG;essA;essB;esxA;fnbA;fnbB;geh;harA;hlb;hld;hlgA;hlgB;hlgC;hly/hla;hysA;icaA;icaB;icaC;icaD;icaR;isdA;isdB;isdC;isdD;isdE;isdF;isdG;isdI;lip;lukF-PV;lukS-PV;sbi;scn;sdrC;sdrD;sdrE;sea;sec;sell;set16;set17;set18;set19;set20;set22;set23;set24;set25;spa;srtB;sspA;sspB;sspC;vWbp;xcpU;selX;sei;sem;seu;seo;sen;selZ;sel27;sel28;sec2;sel;sel26;seb;sek;seq;sep;seh;ser;sej;sed;eta;etb;sel30
064177_7,Not typed,t5129,Not Assigned,MSSA,,,0,adsA;aur;cap8B;cap8C;cap8D;cap8E;cap8F;cap8G;cap8L;cap8M;cap8O;cap8P;capA;capN;clfA;clfB;coa;ebp;esaA;esaB;esaD;esaE;esaG;essA;essB;essC;esxA;esxB;esxC;esxD;ete;fnbA;fnbB;geh;hlb;hld;hlgA;hlgB;hlgC;hly/hla;hysA;icaA;icaB;icaC;icaD;icaR;isdA;isdB;isdC;isdD;isdE;isdF;isdG;isdI;lip;lukF-PV;lukS-PV;sak;sbi;scn;sdrD;sdrE;set16;set17;set20;set22;set25;spa;srtB;sspA;sspB;sspC;selX;sei;sem;seu;seo;sen;sea;selZ;sel27;sel28;sec2;sel;sel26;seb;sek;seq;sep;seh;ser;sej;sed;eta;etb;sel30
064178_8,ST7669,t657,SCCmec_type_V(5C2),MRSA,,,0,adsA;aur;cap8B;cap8C;cap8D;cap8E;cap8F;cap8G;cap8L;cap8M;cap8O;cap8P;capA;capN;clfA;clfB;coa;eap/map;ebp;esaA;esaB;esaG;essA;essB;esxA;fnbA;fnbB;geh;harA;hlb;hld;hlgA;hlgB;hlgC;hly/hla;hysA;icaA;icaB;icaC;icaD;icaR;isdA;isdB;isdC;isdD;isdE;isdF;isdG;isdI;lip;lukF-PV;lukS-PV;sbi;scn;sdrC;sdrD;sdrE;sea;sec;sell;set16;set17;set18;set19;set20;set22;set23;set24;set25;spa;srtB;sspA;sspB;sspC;vWbp;selX;sei;sem;seu;seo;sen;selZ;sel27;sel28;sec2;sel;sel26;seb;sek;seq;sep;seh;ser;sej;sed;eta;etb;sel30
064179_9,ST789,t091,SCCmec_type_V(5C2&5),MRSA,,,0,adsA;aur;cap8B;cap8C;cap8D;cap8E;cap8F;cap8G;cap8H;cap8I;cap8J;cap8K;cap8L;cap8M;cap8O;cap8P;capA;capN;clfA;clfB;coa;eap/map;ebp;esaA;esaB;esaD;esaE;esaG;essA;essB;essC;esxA;esxB;esxC;esxD;fnbA;fnbB;geh;harA;hlb;hld;hlgA;hlgB;hlgC;hly/hla;hysA;icaA;icaB;icaC;icaD;icaR;isdA;isdB;isdC;isdD;isdE;isdF;isdG;isdI;lip;lukF-PV;sak;sbi;scn;sdrC;sdrD;sdrE;sea;set16;set17;set18;set19;set20;set21;set22;set23;set24;set25;srtB;sspA;sspB;sspC;lukS-PV;selX;sei;sem;seu;seo;sen;selZ;sel27;sel28;sec2;sel;sel26;seb;sek;seq;sep;seh;ser;sej;sed;eta;etb;sel30
064180_10,ST772,t657,SCCmec_type_V(5C2),MRSA,,,0,adsA;aur;cap8B;cap8C;cap8D;cap8E;cap8F;cap8G;cap8L;cap8M;cap8O;cap8P;capA;capN;clfA;clfB;coa;ebp;esaA;esaB;esaG;essA;essB;esxA;fnbA;fnbB;geh;harA;hlb;hld;hlgA;hlgB;hlgC;hly/hla;hysA;icaA;icaB;icaC;icaD;icaR;isdA;isdB;isdC;isdD;isdE;isdF;isdG;isdI;lip;lukF-PV;lukS-PV;sbi;scn;sdrC;sdrD;sdrE;sea;sec;sell;set16;set17;set18;set19;set20;set22;set23;set24;set25;spa;srtB;sspA;sspB;sspC;vWbp;selX;sei;sem;seu;seo;sen;selZ;sel27;sel28;sec2;sel;sel26;seb;sek;seq;sep;seh;ser;sej;sed;eta;etb;sel30
064181_11,ST8,t008,SCCmec_type_V(5C2&5),MRSA,,,0,adsA;aur;cap8B;cap8C;cap8D;cap8E;cap8F;cap8G;cap8L;cap8M;cap8O;cap8P;capA;capN;clfA;clfB;coa;eap/map;ebp;esaA;esaB;esaD;esaE;esaG;essA;essB;essC;esxA;esxB;esxC;esxD;fnbA;fnbB;geh;harA;hlb;hld;hlgA;hlgB;hlgC;hly/hla;hysA;icaA;icaB;icaC;icaD;icaR;isdA;isdB;isdC;isdD;isdE;isdF;isdG;isdI;lip;lukF-PV;sbi;scn;sdrC;sdrD;sdrE;sea;seb;selk;selq;set16;set17;set18;set20;set21;set22;set23;set24;set25;spa;srtB;sspA;sspB;sspC;vWbp;lukS-PV;selX;sei;sem;seu;seo;sen;selZ;sel27;sel28;sec2;sel;sel26;sek;seq;sep;seh;ser;sej;sed;eta;etb;sel30
064182_12,ST772,t657,SCCmec_type_V(5C2),MRSA,,,0,adsA;aur;cap8B;cap8C;cap8D;cap8E;cap8F;cap8G;cap8L;cap8M;cap8O;cap8P;capA;capN;clfA;clfB;coa;eap/map;ebp;esaA;esaB;esaG;essA;essB;esxA;fnbA;fnbB;geh;harA;hlb;hld;hlgA;hlgB;hlgC;hly/hla;hysA;icaA;icaB;icaC;icaD;icaR;isdA;isdB;isdC;isdD;isdE;isdF;isdG;isdI;lip;lukF-PV;lukS-PV;sbi;scn;sdrC;sdrD;sdrE;sea;sec;sell;set16;set17;set18;set19;set20;set22;set23;set24;set25;spa;srtB;sspA;sspB;sspC;vWbp;selX;sei;sem;seu;seo;sen;selZ;sel27;sel28;sec2;sel;sel26;seb;sek;seq;sep;seh;ser;sej;sed;eta;etb;sel30
064183_13,ST121,t314,Not Assigned,MSSA,,,0,adsA;aur;cap8B;cap8C;cap8D;cap8E;cap8F;cap8G;cap8H;cap8I;cap8J;cap8K;cap8L;cap8M;cap8O;cap8P;capA;capN;clfA;clfB;cna;eap/map;esaA;esaB;esaD;esaE;esaG;essA;essB;essC;esxA;esxB;esxC;esxD;fnbA;fnbB;geh;harA;hlb;hld;hlgA;hlgB;hlgC;hly/hla;hysA;icaA;icaB;icaC;icaD;icaR;isdA;isdB;isdC;isdD;isdE;isdF;isdG;isdI;lip;lukF-PV;lukS-PV;sak;sbi;scn;sdrC;sdrE;seb;set16;set17;set18;set19;set20;set21;set22;set23;set24;set25;srtB;sspA;sspB;sspC;vWbp;selX;sei;sem;seu;seo;sen;sea;selZ;sel27;sel28;sec2;sel;sel26;sek;seq;sep;seh;ser;sej;sed;eta;etb;sel30
064184_14,Not typed,t355,Not Assigned,MSSA,,,0,adsA;aur;cap8B;cap8C;cap8D;cap8E;cap8F;cap8G;cap8L;cap8M;cap8O;cap8P;capA;capN;clfA;clfB;coa;ebp;esaA;esaB;esaD;esaE;esaG;essA;essB;essC;esxA;esxB;esxC;esxD;ete;fnbA;fnbB;geh;hlb;hld;hlgA;hlgB;hlgC;hly/hla;hysA;icaA;icaB;icaC;icaD;icaR;isdA;isdB;isdC;isdD;isdE;isdF;isdG;isdI;lip;lukF-PV;lukS-PV;sak;sbi;scn;sdrD;sdrE;set16;set17;set20;set22;set25;spa;srtB;sspA;sspB;sspC;tsst-1;selX;sei;sem;seu;seo;sen;sea;selZ;sel27;sel28;sec2;sel;sel26;seb;sek;seq;sep;seh;ser;sej;sed;eta;etb;sel30
064185_15,ST152,t355,Not Assigned,MSSA,,,0,adsA;aur;cap8B;cap8C;cap8D;cap8E;cap8F;cap8G;cap8L;cap8M;cap8O;cap8P;capA;capN;clfA;clfB;cna;coa;ebp;esaA;esaB;esaD;esaE;esaG;essA;essB;essC;esxA;esxB;esxC;esxD;fnbA;fnbB;geh;hlb;hld;hlgA;hlgB;hlgC;hly/hla;hysA;icaA;icaB;icaC;icaD;icaR;isdA;isdB;isdC;isdD;isdE;isdF;isdG;isdI;lip;lukF-PV;lukS-PV;sak;sbi;scn;sdrD;sdrE;set16;set17;set20;set22;set25;spa;srtB;sspA;sspB;sspC;selX;sei;sem;seu;seo;sen;sea;selZ;sel27;sel28;sec2;sel;sel26;seb;sek;seq;sep;seh;ser;sej;sed;eta;etb;sel30
064186_16,ST30,t318,Not Assigned,MSSA,,,0,adsA;aur;cap8B;cap8C;cap8D;cap8E;cap8F;cap8G;cap8H;cap8I;cap8J;cap8K;cap8L;cap8M;cap8O;cap8P;capA;capN;chp;clfA;clfB;cna;eap/map;ebp;esaA;esaB;esaG;essA;essB;esxA;fnbA;geh;harA;hlb;hld;hlgA;hlgB;hlgC;hly/hla;hysA;icaA;icaB;icaC;icaD;icaR;isdA;isdB;isdC;isdD;isdE;isdF;isdG;isdI;lip;lukF-PV;lukS-PV;sak;sbi;scn;sdrC;sdrD;sdrE;set16;set17;set20;set22;set24;set25;set26;spa;srtB;sspA;sspB;sspC;vWbp;selX;sei;sem;seu;seo;sen;sea;selZ;sel27;sel28;sec2;sel;sel26;seb;sek;seq;sep;seh;ser;sej;sed;eta;etb;sel30
064187_17,ST5,t311,Not Assigned,MSSA,,,0,adsA;aur;cap8B;cap8C;cap8D;cap8E;cap8F;cap8G;cap8L;cap8M;cap8O;cap8P;capA;capN;chp;clfA;clfB;eap/map;ebp;esaA;esaB;esaD;esaE;esaG;essA;essB;essC;esxA;esxB;esxC;esxD;fnbA;fnbB;geh;harA;hlb;hld;hlgA;hlgB;hlgC;hly/hla;hysA;icaA;icaB;icaC;icaD;icaR;isdA;isdB;isdC;isdD;isdE;isdF;isdG;isdI;lip;lukF-PV;sak;sbi;scn;sdrC;sdrD;sdrE;seb;set16;set17;set18;set19;set20;set22;set23;set24;set25;set26;spa;srtB;sspA;sspB;sspC;lukS-PV;selX;sei;sem;seu;seo;sen;sea;selZ;sel27;sel28;sec2;sel;sel26;sek;seq;sep;seh;ser;sej;sed;eta;etb;sel30
064188_18,ST15,t853,Not Assigned,MSSA,,,0,adsA;aur;cap8B;cap8C;cap8D;cap8E;cap8F;cap8G;cap8H;cap8I;cap8J;cap8K;cap8L;cap8M;cap8O;cap8P;capA;capN;chp;clfA;clfB;coa;eap/map;ebp;esaA;esaB;esaG;essA;essB;essC;esxA;fnbA;fnbB;geh;harA;hlb;hld;hlgA;hlgB;hlgC;hly/hla;hysA;icaA;icaB;icaC;icaD;icaR;isdA;isdB;isdC;isdD;isdE;isdF;isdG;isdI;lip;lukF-PV;sbi;scn;sdrC;sdrE;set16;set17;set18;set19;set20;set21;set22;set23;set24;set25;set26;spa;srtB;sspA;sspB;sspC;lukS-PV;selX;sei;sem;seu;seo;sen;sea;selZ;sel27;sel28;sec2;sel;sel26;seb;sek;seq;sep;seh;ser;sej;sed;eta;etb;sel30
064189_19,ST152,t355,Not Assigned,MSSA,,,0,adsA;aur;cap8B;cap8C;cap8D;cap8E;cap8F;cap8G;cap8L;cap8M;cap8O;cap8P;capA;capN;clfA;clfB;coa;ebp;esaA;esaB;esaD;esaE;esaG;essA;essB;essC;esxA;esxB;esxC;esxD;ete;fnbA;fnbB;geh;hlb;hld;hlgA;hlgB;hlgC;hly/hla;hysA;icaA;icaB;icaC;icaD;icaR;isdA;isdB;isdC;isdD;isdE;isdF;isdG;isdI;lip;lukF-PV;lukS-PV;sak;sbi;scn;sdrD;sdrE;set16;set17;set20;set22;set25;spa;srtB;sspA;sspB;sspC;selX;sei;sem;seu;seo;sen;sea;selZ;sel27;sel28;sec2;sel;sel26;seb;sek;seq;sep;seh;ser;sej;sed;eta;etb;sel30
064190_20,ST88,t5814,SCCmec_type_V(5C2&5),MRSA,,,0,adsA;aur;cap8B;cap8C;cap8D;cap8E;cap8F;cap8G;cap8H;cap8I;cap8J;cap8K;cap8L;cap8M;cap8O;cap8P;capA;capN;chp;clfA;clfB;eap/map;ebp;esaA;esaB;esaD;esaE;esaG;essA;essB;essC;esxA;esxB;esxC;esxD;fnbA;geh;harA;hlb;hld;hlgA;hlgB;hlgC;hly/hla;hysA;icaA;icaB;icaC;icaD;icaR;isdA;isdB;isdC;isdD;isdE;isdF;isdG;isdI;lip;lukF-PV;lukS-PV;sak;sbi;scn;sdrC;sdrD;sdrE;sec;sell;set16;set17;set18;set19;set20;set21;set22;set23;set24;set25;set26;spa;srtB;sspA;sspB;sspC;selX;sei;sem;seu;seo;sen;sea;selZ;sel27;sel28;sec2;sel;sel26;seb;sek;seq;sep;seh;ser;sej;sed;eta;etb;sel30
064191_21,Not typed,t657,SCCmec_type_V(5C2),MRSA,,,0,adsA;aur;cap8B;cap8C;cap8D;cap8E;cap8F;cap8G;cap8L;cap8M;cap8O;cap8P;capA;capN;clfA;clfB;coa;eap/map;ebp;esaA;esaB;esaG;essA;essB;esxA;fnbA;fnbB;geh;harA;hlb;hld;hlgA;hlgB;hlgC;hly/hla;hysA;icaA;icaB;icaC;icaD;icaR;isdA;isdB;isdC;isdD;isdE;isdF;isdG;isdI;lip;lukF-PV;lukS-PV;sbi;scn;sdrC;sdrD;sdrE;sea;sec;sell;set16;set17;set18;set20;set22;set23;set24;set25;spa;srtB;sspA;sspB;sspC;vWbp;selX;sei;sem;seu;seo;sen;selZ;sel27;sel28;sec2;sel;sel26;seb;sek;seq;sep;seh;ser;sej;sed;eta;etb;sel30
064192_22,ST772,t657,SCCmec_type_V(5C2),MRSA,,,0,adsA;aur;cap8B;cap8C;cap8D;cap8E;cap8F;cap8G;cap8L;cap8M;cap8O;cap8P;capA;capN;clfA;clfB;coa;eap/map;ebp;esaA;esaB;esaG;essA;essB;esxA;fnbA;fnbB;geh;harA;hlb;hld;hlgA;hlgB;hlgC;hly/hla;hysA;icaA;icaB;icaC;icaD;icaR;isdA;isdB;isdC;isdD;isdE;isdF;isdG;isdI;lip;lukF-PV;lukS-PV;sbi;scn;sdrC;sdrD;sdrE;sea;sec;sell;set16;set17;set18;set19;set20;set22;set23;set24;set25;spa;srtB;sspA;sspB;sspC;vWbp;selX;sei;sem;seu;seo;sen;selZ;sel27;sel28;sec2;sel;sel26;seb;sek;seq;sep;seh;ser;sej;sed;eta;etb;sel30
064193_23,ST30,t318,Not Assigned,MSSA,,,0,adsA;aur;cap8B;cap8C;cap8D;cap8E;cap8F;cap8G;cap8H;cap8I;cap8J;cap8K;cap8L;cap8M;cap8O;cap8P;capA;capN;chp;clfA;clfB;eap/map;ebp;esaA;esaB;esaG;essA;essB;esxA;fnbA;geh;harA;hlb;hld;hlgA;hlgB;hlgC;hly/hla;hysA;icaA;icaB;icaC;icaD;icaR;isdA;isdB;isdC;isdD;isdE;isdF;isdG;isdI;lip;lukF-PV;lukS-PV;sak;sbi;scn;sdrC;sdrD;sdrE;set16;set17;set20;set22;set24;set25;set26;spa;srtB;sspA;sspB;sspC;vWbp;selX;sei;sem;seu;seo;sen;sea;selZ;sel27;sel28;sec2;sel;sel26;seb;sek;seq;sep;seh;ser;sej;sed;eta;etb;sel30
064194_24,ST152,t4690,SCCmec_type_V(5C2&5),MRSA,,,0,adsA;aur;cap8B;cap8C;cap8D;cap8E;cap8F;cap8G;cap8L;cap8M;cap8O;cap8P;capA;capN;clfA;clfB;coa;ebp;esaA;esaB;esaD;esaE;esaG;essA;essB;essC;esxA;esxB;esxC;esxD;ete;fnbA;fnbB;geh;hlb;hld;hlgA;hlgB;hlgC;hly/hla;hysA;icaA;icaB;icaC;icaD;icaR;isdA;isdB;isdC;isdD;isdE;isdF;isdG;isdI;lip;lukF-PV;lukS-PV;sak;sbi;scn;sdrD;sdrE;set16;set17;set20;set22;set25;spa;srtB;sspA;sspB;sspC;selX;sei;sem;seu;seo;sen;sea;selZ;sel27;sel28;sec2;sel;sel26;seb;sek;seq;sep;seh;ser;sej;sed;eta;etb;sel30
064195_25,ST15,t084,Not Assigned,MSSA,,,0,adsA;aur;cap8B;cap8C;cap8D;cap8E;cap8F;cap8G;cap8H;cap8I;cap8J;cap8K;cap8L;cap8M;cap8O;cap8P;capA;capN;chp;clfA;clfB;coa;eap/map;ebp;esaA;esaB;esaG;essA;essB;essC;esxA;fnbA;fnbB;geh;harA;hlb;hld;hlgA;hlgB;hlgC;hly/hla;hysA;icaA;icaB;icaC;icaD;icaR;isdA;isdB;isdC;isdD;isdE;isdF;isdG;isdI;lip;lukF-PV;lukS-PV;sbi;scn;sdrC;sdrD;sdrE;sea;set16;set17;set18;set19;set20;set21;set22;set23;set24;set25;set26;srtB;sspA;sspB;sspC;selX;sei;sem;seu;seo;sen;selZ;sel27;sel28;sec2;sel;sel26;seb;sek;seq;sep;seh;ser;sej;sed;eta;etb;sel30
064196_26,ST772,t657,SCCmec_type_V(5C2),MRSA,,,0,adsA;aur;cap8B;cap8C;cap8D;cap8E;cap8F;cap8G;cap8L;cap8M;cap8O;cap8P;capA;capN;clfA;clfB;coa;eap/map;ebp;esaA;esaB;esaG;essA;essB;esxA;fnbA;fnbB;geh;harA;hlb;hld;hlgA;hlgB;hlgC;hly/hla;hysA;icaA;icaB;icaC;icaD;icaR;isdA;isdB;isdC;isdD;isdE;isdF;isdG;isdI;lip;lukF-PV;lukS-PV;sbi;scn;sdrC;sdrD;sdrE;sea;sec;sell;set16;set17;set18;set19;set20;set22;set23;set24;set25;spa;srtB;sspA;sspB;sspC;vWbp;selX;sei;sem;seu;seo;sen;selZ;sel27;sel28;sec2;sel;sel26;seb;sek;seq;sep;seh;ser;sej;sed;eta;etb;sel30
064197_27,ST8,t064,SCCmec_type_V(5C2&5),MRSA,,,0,adsA;aur;cap8B;cap8C;cap8D;cap8E;cap8F;cap8G;cap8L;cap8M;cap8O;cap8P;capA;capN;clfA;clfB;coa;eap/map;ebp;esaA;esaB;esaD;esaE;esaG;essA;essB;essC;esxA;esxB;esxC;esxD;fnbA;fnbB;geh;harA;hlb;hld;hlgA;hlgB;hlgC;hly/hla;hysA;icaA;icaB;icaC;icaD;icaR;isdA;isdB;isdC;isdD;isdE;isdF;isdG;isdI;lip;lukF-PV;sak;sbi;scn;sdrC;sdrD;sdrE;sea;seb;selk;selq;set16;set17;set18;set20;set21;set22;set23;set25;spa;srtB;sspA;sspB;sspC;vWbp;lukS-PV;selX;sei;sem;seu;seo;sen;selZ;sel27;sel28;sec2;sel;sel26;sek;seq;sep;seh;ser;sej;sed;eta;etb;sel30
064198_28,ST1,t127,Not Assigned,MSSA,,,0,adsA;aur;cap8B;cap8C;cap8D;cap8E;cap8F;cap8G;cap8H;cap8I;cap8J;cap8K;cap8L;cap8M;cap8O;cap8P;capA;capN;clfA;clfB;coa;eap/map;ebp;esaA;esaB;esaD;esaE;esaG;essA;essB;essC;esxA;esxB;esxC;esxD;fnbA;fnbB;geh;harA;hlb;hld;hlgA;hlgB;hlgC;hly/hla;hysA;icaA;icaB;icaC;icaD;icaR;isdA;isdB;isdC;isdD;isdE;isdF;isdG;isdI;lip;lukF-PV;lukS-PV;sak;sbi;scn;sdrC;sdrD;sdrE;sea;seh;selk;selq;set16;set17;set18;set19;set20;set21;set22;set23;set24;set25;set26;spa;srtB;sspA;sspB;sspC;vWbp;selX;sei;sem;seu;seo;sen;selZ;sel27;sel28;sec2;sel;sel26;seb;sek;seq;sep;ser;sej;sed;eta;etb;sel30
064199_29,ST8,t064,SCCmec_type_V(5C2&5),MRSA,,,0,adsA;aur;cap8B;cap8C;cap8D;cap8E;cap8F;cap8G;cap8L;cap8M;cap8O;cap8P;capA;capN;clfA;clfB;coa;eap/map;ebp;esaA;esaB;esaD;esaE;esaG;essA;essB;essC;esxA;esxB;esxC;esxD;fnbA;fnbB;geh;harA;hlb;hld;hlgA;hlgB;hlgC;hly/hla;hysA;icaA;icaB;icaC;icaD;icaR;isdA;isdB;isdC;isdD;isdE;isdF;isdG;isdI;lip;lukF-PV;sak;sbi;scn;sdrC;sdrD;sdrE;sea;seb;selk;selq;set16;set17;set18;set20;set21;set22;set23;set24;set25;spa;srtB;sspA;sspB;sspC;vWbp;lukS-PV;selX;sei;sem;seu;seo;sen;selZ;sel27;sel28;sec2;sel;sel26;sek;seq;sep;seh;ser;sej;sed;eta;etb;sel30
064200_30,ST508,t630,Not Assigned,MSSA,,,0,adsA;aur;cap8B;cap8C;cap8D;cap8E;cap8F;cap8G;cap8H;cap8I;cap8J;cap8K;cap8L;cap8M;cap8O;cap8P;capA;capN;chp;clfA;clfB;coa;eap/map;ebp;esaA;esaB;esaD;esaE;esaG;essA;essB;essC;esxA;esxB;esxC;esxD;fnbA;fnbB;geh;harA;hlb;hld;hlgA;hlgB;hlgC;hly/hla;hysA;icaA;icaB;icaC;icaD;icaR;isdA;isdB;isdC;isdD;isdE;isdF;isdG;isdI;lip;sak;sbi;scn;sdrC;sdrE;set16;set17;set20;set22;set24;set25;spa;srtB;sspA;sspB;sspC;vWbp;lukF-PV;lukS-PV;selX;sei;sem;seu;seo;sen;sea;selZ;sel27;sel28;sec2;sel;sel26;seb;sek;seq;sep;seh;ser;sej;sed;eta;etb;sel30
064201_31,ST772,t657,SCCmec_type_IV(2B),MRSA,,,0,adsA;aur;cap8B;cap8C;cap8D;cap8E;cap8F;cap8G;cap8L;cap8M;cap8O;cap8P;capA;capN;clfA;clfB;coa;eap/map;ebp;esaA;esaB;esaG;essA;essB;esxA;fnbA;fnbB;geh;harA;hlb;hld;hlgA;hlgB;hlgC;hly/hla;hysA;icaA;icaB;icaC;icaD;icaR;isdA;isdB;isdC;isdD;isdE;isdF;isdG;isdI;lip;lukF-PV;lukS-PV;sbi;scn;sdrC;sdrD;sdrE;sea;sec;sell;set16;set17;set18;set19;set20;set22;set23;set24;set25;spa;srtB;sspA;sspB;sspC;vWbp;selX;sei;sem;seu;seo;sen;selZ;sel27;sel28;sec2;sel;sel26;seb;sek;seq;sep;seh;ser;sej;sed;eta;etb;sel30
064202_32,ST94,t008,Not Assigned,MSSA,,,0,adsA;aur;cap8B;cap8C;cap8D;cap8E;cap8F;cap8G;cap8L;cap8M;cap8O;cap8P;capA;capN;clfA;clfB;coa;eap/map;ebp;esaA;esaB;esaD;esaE;esaG;essA;essB;essC;esxA;esxB;esxC;esxD;fnbA;fnbB;geh;harA;hlb;hld;hlgA;hlgB;hlgC;hly/hla;hysA;icaA;icaB;icaC;icaD;icaR;isdA;isdB;isdC;isdD;isdE;isdF;isdG;isdI;lip;lukF-PV;sbi;sdrC;sdrD;sdrE;set16;set17;set18;set19;set20;set21;set22;set23;set24;set25;spa;srtB;sspA;sspB;sspC;vWbp;lukS-PV;selX;sei;sem;seu;seo;sen;sea;selZ;sel27;sel28;sec2;sel;sel26;seb;sek;seq;sep;seh;ser;sej;sed;eta;etb;sel30
064203_33,ST772,t657,SCCmec_type_V(5C2),MRSA,,,0,adsA;aur;cap8B;cap8C;cap8D;cap8E;cap8F;cap8G;cap8L;cap8M;cap8O;cap8P;capA;capN;clfA;clfB;coa;eap/map;ebp;esaA;esaB;esaG;essA;essB;esxA;fnbA;fnbB;geh;harA;hlb;hld;hlgA;hlgB;hlgC;hly/hla;hysA;icaA;icaB;icaC;icaD;icaR;isdA;isdB;isdC;isdD;isdE;isdF;isdG;isdI;lip;lukF-PV;lukS-PV;sbi;scn;sdrC;sdrD;sdrE;sea;sec;sell;set16;set17;set18;set19;set20;set22;set23;set24;set25;spa;srtB;sspA;sspB;sspC;vWbp;selX;sei;sem;seu;seo;sen;selZ;sel27;sel28;sec2;sel;sel26;seb;sek;seq;sep;seh;ser;sej;sed;eta;etb;sel30
064204_34,ST772,t657,SCCmec_type_V(5C2),MRSA,,,0,adsA;aur;cap8B;cap8C;cap8D;cap8E;cap8F;cap8G;cap8L;cap8M;cap8O;cap8P;capA;capN;clfA;clfB;coa;eap/map;ebp;esaA;esaB;esaG;essA;essB;esxA;fnbA;fnbB;geh;harA;hlb;hld;hlgA;hlgB;hlgC;hly/hla;hysA;icaA;icaB;icaC;icaD;icaR;isdA;isdB;isdC;isdD;isdE;isdF;isdG;isdI;lip;lukF-PV;lukS-PV;sbi;scn;sdrC;sdrD;sdrE;sea;sec;sell;set16;set17;set18;set19;set20;set22;set23;set24;set25;spa;srtB;sspA;sspB;sspC;vWbp;selX;sei;sem;seu;seo;sen;selZ;sel27;sel28;sec2;sel;sel26;seb;sek;seq;sep;seh;ser;sej;sed;eta;etb;sel30
064205_35,ST121,t314,Not Assigned,MSSA,,,0,adsA;aur;cap8B;cap8C;cap8D;cap8E;cap8F;cap8G;cap8H;cap8I;cap8J;cap8K;cap8L;cap8M;cap8O;cap8P;capA;capN;clfA;clfB;eap/map;esaA;esaB;esaD;esaE;esaG;essA;essB;essC;esxA;esxB;esxC;esxD;fnbA;fnbB;geh;harA;hlb;hld;hlgA;hlgB;hlgC;hly/hla;hysA;icaA;icaB;icaC;icaD;icaR;isdA;isdB;isdC;isdD;isdE;isdF;isdG;isdI;lip;lukF-PV;lukS-PV;sak;sbi;scn;sdrC;sdrE;seb;set16;set17;set18;set19;set20;set21;set22;set23;set24;set25;srtB;sspA;sspB;sspC;vWbp;selX;sei;sem;seu;seo;sen;sea;selZ;sel27;sel28;sec2;sel;sel26;sek;seq;sep;seh;ser;sej;sed;eta;etb;sel30
064206_36,ST772,t657,SCCmec_type_IV(2B),MRSA,,,0,adsA;aur;cap8B;cap8C;cap8D;cap8E;cap8F;cap8G;cap8L;cap8M;cap8O;cap8P;capA;capN;clfA;clfB;coa;eap/map;ebp;esaA;esaB;esaG;essA;essB;esxA;fnbA;fnbB;geh;harA;hlb;hld;hlgA;hlgB;hlgC;hly/hla;hysA;icaA;icaB;icaC;icaD;icaR;isdA;isdB;isdC;isdD;isdE;isdF;isdG;isdI;lip;lukF-PV;lukS-PV;sbi;scn;sdrC;sdrD;sdrE;sea;sec;sell;set16;set17;set18;set19;set20;set22;set23;set24;set25;spa;srtB;sspA;sspB;sspC;vWbp;selX;sei;sem;seu;seo;sen;selZ;sel27;sel28;sec2;sel;sel26;seb;sek;seq;sep;seh;ser;sej;sed;eta;etb;sel30
064207_37,ST152,t4690,SCCmec_type_V(5C2&5),MRSA,,,0,adsA;aur;cap8B;cap8C;cap8D;cap8E;cap8F;cap8G;cap8L;cap8M;cap8O;cap8P;capA;capN;clfA;clfB;cna;coa;ebp;esaA;esaB;esaD;esaE;esaG;essA;essB;essC;esxA;esxB;esxC;esxD;ete;fnbA;fnbB;geh;hlb;hld;hlgA;hlgB;hlgC;hly/hla;hysA;icaA;icaB;icaC;icaD;icaR;isdA;isdB;isdC;isdD;isdE;isdF;isdG;isdI;lip;lukF-PV;lukS-PV;sak;sbi;scn;sdrD;sdrE;set16;set17;set20;set22;set25;spa;srtB;sspA;sspB;sspC;selX;sei;sem;seu;seo;sen;sea;selZ;sel27;sel28;sec2;sel;sel26;seb;sek;seq;sep;seh;ser;sej;sed;eta;etb;sel30
064208_38,ST508,t630,Not Assigned,MSSA,,,0,adsA;aur;cap8B;cap8C;cap8D;cap8E;cap8F;cap8G;cap8H;cap8I;cap8J;cap8K;cap8L;cap8M;cap8O;cap8P;capA;capN;chp;clfA;clfB;coa;eap/map;ebp;esaA;esaB;esaD;esaE;esaG;essA;essB;essC;esxA;esxB;esxC;esxD;fnbA;fnbB;geh;harA;hlb;hld;hlgA;hlgB;hlgC;hly/hla;hysA;icaA;icaB;icaC;icaD;icaR;isdA;isdB;isdC;isdD;isdE;isdF;isdG;isdI;lip;sak;sbi;scn;sdrC;sdrE;set16;set17;set20;set22;set25;spa;srtB;sspA;sspB;sspC;vWbp;lukF-PV;lukS-PV;selX;sei;sem;seu;seo;sen;sea;selZ;sel27;sel28;sec2;sel;sel26;seb;sek;seq;sep;seh;ser;sej;sed;eta;etb;sel30
064209_39,ST1,t127,Not Assigned,MSSA,,,0,adsA;aur;cap8B;cap8C;cap8D;cap8E;cap8F;cap8G;cap8H;cap8I;cap8J;cap8K;cap8L;cap8M;cap8O;cap8P;capA;capN;chp;clfA;clfB;coa;ebp;esaA;esaB;esaD;esaE;esaG;essA;essB;essC;esxA;esxB;esxC;esxD;fnbA;fnbB;geh;harA;hlb;hld;hlgA;hlgB;hlgC;hly/hla;hysA;icaA;icaB;icaC;icaD;icaR;isdA;isdB;isdC;isdD;isdE;isdF;isdG;isdI;lip;lukF-PV;lukS-PV;sak;sbi;scn;sdrC;sdrD;sdrE;seh;selk;selq;set16;set17;set18;set19;set20;set21;set22;set23;set24;set25;set26;srtB;sspA;sspB;sspC;vWbp;selX;sei;sem;seu;seo;sen;sea;selZ;sel27;sel28;sec2;sel;sel26;seb;sek;seq;sep;ser;sej;sed;eta;etb;sel30
064210_40,ST8,t064,SCCmec_type_V(5C2&5),MRSA,,,0,adsA;aur;cap8B;cap8C;cap8D;cap8E;cap8F;cap8G;cap8L;cap8M;cap8O;cap8P;capA;capN;clfA;clfB;coa;eap/map;ebp;esaA;esaB;esaD;esaE;esaG;essA;essB;essC;esxA;esxB;esxC;esxD;fnbA;fnbB;geh;harA;hlb;hld;hlgA;hlgB;hlgC;hly/hla;hysA;icaA;icaB;icaC;icaD;icaR;isdA;isdB;isdC;isdD;isdE;isdF;isdG;isdI;lip;lukF-PV;sak;sbi;scn;sdrC;sdrD;sdrE;sea;seb;selk;selq;set16;set17;set18;set20;set21;set22;set23;set24;set25;spa;srtB;sspA;sspB;sspC;vWbp;lukS-PV;selX;sei;sem;seu;seo;sen;selZ;sel27;sel28;sec2;sel;sel26;sek;seq;sep;seh;ser;sej;sed;eta;etb;sel30
064211_41,ST789,t091,Not Assigned,MSSA,,,0,adsA;aur;cap8B;cap8C;cap8D;cap8E;cap8F;cap8G;cap8H;cap8I;cap8J;cap8K;cap8L;cap8M;cap8O;cap8P;capA;capN;clfA;clfB;coa;eap/map;ebp;esaA;esaB;esaD;esaE;esaG;essA;essB;essC;esxA;esxB;esxC;esxD;fnbA;fnbB;geh;harA;hlb;hld;hlgA;hlgB;hlgC;hly/hla;hysA;icaA;icaB;icaC;icaD;icaR;isdA;isdB;isdC;isdD;isdE;isdF;isdG;isdI;lip;lukF-PV;sak;sbi;scn;sdrC;sdrD;sdrE;sea;set16;set17;set18;set19;set20;set21;set22;set23;set24;set25;srtB;sspA;sspB;sspC;lukS-PV;selX;sei;sem;seu;seo;sen;selZ;sel27;sel28;sec2;sel;sel26;seb;sek;seq;sep;seh;ser;sej;sed;eta;etb;sel30
064212_42,ST2434,t346,Not Assigned,MSSA,,,0,adsA;aur;cap8B;cap8C;cap8D;cap8E;cap8F;cap8G;cap8H;cap8I;cap8J;cap8K;cap8L;cap8M;cap8O;cap8P;capA;capN;chp;clfA;clfB;coa;eap/map;ebp;esaA;esaB;esaG;essA;essB;essC;eta;etb;fnbA;fnbB;geh;harA;hlb;hld;hlgA;hlgB;hlgC;hly/hla;hysA;icaA;icaB;icaC;icaD;icaR;isdA;isdB;isdC;isdD;isdE;isdF;isdG;isdI;lip;lukF-PV;sbi;scn;sdrC;sdrD;sdrE;set16;set17;set18;set19;set20;set21;set22;set23;set24;set25;set26;spa;srtB;sspA;sspB;sspC;lukS-PV;selX;sei;sem;seu;seo;sen;sea;selZ;sel27;sel28;sec2;sel;sel26;seb;sek;seq;sep;seh;ser;sej;sed;sel30
064213_43,ST1,t7835,Not Assigned,MSSA,,,0,adsA;aur;cap8B;cap8C;cap8D;cap8E;cap8F;cap8G;cap8H;cap8I;cap8J;cap8K;cap8L;cap8M;cap8O;cap8P;capA;capN;clfA;clfB;cna;coa;eap/map;ebp;esaA;esaB;esaD;esaE;esaG;essA;essB;essC;esxA;esxB;esxC;esxD;fnbA;fnbB;geh;harA;hlb;hld;hlgA;hlgB;hlgC;hly/hla;hysA;icaA;icaB;icaC;icaD;icaR;isdA;isdB;isdC;isdD;isdE;isdF;isdG;isdI;lip;lukF-PV;lukS-PV;sbi;sdrC;sdrD;sdrE;seh;set16;set17;set18;set19;set20;set21;set22;set23;set24;set25;set26;srtB;sspA;sspB;sspC;tsst-1;vWbp;selX;sei;sem;seu;seo;sen;sea;selZ;sel27;sel28;sec2;sel;sel26;seb;sek;seq;sep;ser;sej;sed;eta;etb;sel30
064214_44,ST5,t002,Not Assigned,MSSA,,,0,adsA;aur;cap8B;cap8C;cap8D;cap8E;cap8F;cap8G;cap8L;cap8M;cap8O;cap8P;capA;capN;chp;clfA;clfB;eap/map;ebp;esaA;esaB;esaD;esaE;esaG;essA;essB;essC;esxA;esxB;esxC;esxD;fnbA;fnbB;geh;harA;hlb;hld;hlgA;hlgB;hlgC;hly/hla;hysA;icaA;icaB;icaC;icaD;icaR;isdA;isdB;isdC;isdD;isdE;isdF;isdG;isdI;lip;lukF-PV;sak;sbi;scn;sdrC;sdrD;sdrE;seb;set16;set17;set18;set19;set20;set22;set23;set24;set25;set26;spa;srtB;sspA;sspB;sspC;lukS-PV;selX;sei;sem;seu;seo;sen;sea;selZ;sel27;sel28;sec2;sel;sel26;sek;seq;sep;seh;ser;sej;sed;eta;etb;sel30
064215_45,ST30,t318,Not Assigned,MSSA,,,0,adsA;aur;cap8B;cap8C;cap8D;cap8E;cap8F;cap8G;cap8H;cap8I;cap8J;cap8K;cap8L;cap8M;cap8O;cap8P;capA;capN;chp;clfA;clfB;cna;eap/map;ebp;esaA;esaB;esaG;essA;essB;esxA;fnbA;geh;harA;hlb;hld;hlgA;hlgB;hlgC;hly/hla;hysA;icaA;icaB;icaC;icaD;icaR;isdA;isdB;isdC;isdD;isdE;isdF;isdG;isdI;lip;lukF-PV;lukS-PV;sak;sbi;scn;sdrC;sdrD;sdrE;set16;set17;set20;set22;set24;set25;set26;spa;srtB;sspA;sspB;sspC;vWbp;selX;sei;sem;seu;seo;sen;sea;selZ;sel27;sel28;sec2;sel;sel26;seb;sek;seq;sep;seh;ser;sej;sed;eta;etb;sel30
064216_46,ST508,t630,Not Assigned,MSSA,,,0,adsA;aur;cap8B;cap8C;cap8D;cap8E;cap8F;cap8G;cap8H;cap8I;cap8J;cap8K;cap8L;cap8M;cap8O;cap8P;capA;capN;chp;clfA;clfB;coa;eap/map;ebp;esaA;esaB;esaD;esaE;esaG;essA;essB;essC;esxA;esxB;esxC;esxD;fnbA;fnbB;geh;harA;hlb;hld;hlgA;hlgB;hlgC;hly/hla;hysA;icaA;icaB;icaC;icaD;icaR;isdA;isdB;isdC;isdD;isdE;isdF;isdG;isdI;lip;sak;sbi;scn;sdrC;sdrE;set16;set17;set20;set22;set24;set25;spa;srtB;sspA;sspB;sspC;vWbp;lukF-PV;lukS-PV;selX;sei;sem;seu;seo;sen;sea;selZ;sel27;sel28;sec2;sel;sel26;seb;sek;seq;sep;seh;ser;sej;sed;eta;etb;sel30
064217_47,ST772,t657,SCCmec_type_V(5C2),MRSA,,,0,adsA;aur;cap8B;cap8C;cap8D;cap8E;cap8F;cap8G;cap8L;cap8M;cap8O;cap8P;capA;capN;clfB;coa;eap/map;ebp;esaA;esaB;esaG;essA;essB;esxA;fnbA;fnbB;geh;harA;hlb;hld;hlgA;hlgB;hlgC;hly/hla;hysA;icaA;icaB;icaC;icaD;icaR;isdA;isdB;isdC;isdD;isdE;isdF;isdG;isdI;lip;lukF-PV;lukS-PV;sbi;scn;sdrC;sdrD;sdrE;sea;sec;sell;set16;set17;set18;set19;set20;set22;set23;set24;set25;spa;srtB;sspA;sspB;sspC;vWbp;selX;sei;sem;seu;seo;sen;selZ;sel27;sel28;sec2;sel;sel26;seb;sek;seq;sep;seh;ser;sej;sed;eta;etb;sel30
064218_48,ST15,t084,Not Assigned,MSSA,,,0,adsA;aur;cap8B;cap8C;cap8D;cap8E;cap8F;cap8G;cap8H;cap8I;cap8J;cap8K;cap8L;cap8M;cap8O;cap8P;capA;capN;chp;clfA;clfB;coa;eap/map;ebp;esaA;esaB;esaG;essA;essB;essC;esxA;fnbA;fnbB;geh;harA;hlb;hld;hlgA;hlgB;hlgC;hly/hla;hysA;icaA;icaB;icaC;icaD;icaR;isdA;isdB;isdC;isdD;isdE;isdF;isdG;isdI;lip;lukF-PV;lukS-PV;sbi;scn;sdrC;sdrD;sdrE;sea;set16;set17;set18;set19;set20;set21;set22;set23;set24;set25;set26;srtB;sspA;sspB;sspC;selX;sei;sem;seu;seo;sen;selZ;sel27;sel28;sec2;sel;sel26;seb;sek;seq;sep;seh;ser;sej;sed;eta;etb;sel30
064219_49,ST789,t091,Not Assigned,MSSA,,,0,adsA;aur;cap8B;cap8C;cap8D;cap8E;cap8F;cap8G;cap8H;cap8I;cap8J;cap8K;cap8L;cap8M;cap8O;cap8P;capA;capN;clfA;clfB;coa;eap/map;ebp;esaA;esaB;esaD;esaE;esaG;essA;essB;essC;esxA;esxB;esxC;esxD;fnbA;fnbB;geh;harA;hlb;hld;hlgA;hlgB;hlgC;hly/hla;hysA;icaA;icaB;icaC;icaD;icaR;isdA;isdB;isdC;isdD;isdE;isdF;isdG;isdI;lip;lukF-PV;sak;sbi;scn;sdrC;sdrD;sdrE;sea;set16;set17;set18;set19;set20;set21;set22;set23;set24;set25;srtB;sspA;sspB;sspC;lukS-PV;selX;sei;sem;seu;seo;sen;selZ;sel27;sel28;sec2;sel;sel26;seb;sek;seq;sep;seh;ser;sej;sed;eta;etb;sel30
064220_50,ST30,t318,Not Assigned,MSSA,,,0,adsA;aur;cap8B;cap8C;cap8D;cap8E;cap8F;cap8G;cap8H;cap8I;cap8J;cap8K;cap8L;cap8M;cap8O;cap8P;capA;capN;chp;clfA;clfB;cna;eap/map;ebp;esaA;esaB;esaG;essA;essB;esxA;fnbA;geh;harA;hlb;hld;hlgA;hlgB;hlgC;hly/hla;hysA;icaA;icaB;icaC;icaD;icaR;isdA;isdB;isdC;isdD;isdE;isdF;isdG;isdI;lip;lukF-PV;lukS-PV;sak;sbi;scn;sdrC;sdrD;sdrE;set16;set17;set20;set22;set24;set25;set26;spa;srtB;sspA;sspB;sspC;vWbp;selX;sei;sem;seu;seo;sen;sea;selZ;sel27;sel28;sec2;sel;sel26;seb;sek;seq;sep;seh;ser;sej;sed;eta;etb;sel30
064221_51,ST772,t657,SCCmec_type_V(5C2),MRSA,,,0,adsA;aur;cap8B;cap8C;cap8D;cap8E;cap8F;cap8G;cap8L;cap8M;cap8O;cap8P;capA;capN;clfA;clfB;coa;eap/map;ebp;esaA;esaB;esaG;essA;essB;esxA;fnbA;fnbB;geh;harA;hlb;hld;hlgA;hlgB;hlgC;hly/hla;hysA;icaA;icaB;icaC;icaD;icaR;isdA;isdB;isdC;isdD;isdE;isdF;isdG;isdI;lip;lukF-PV;lukS-PV;sbi;scn;sdrC;sdrD;sdrE;sea;sec;sell;set16;set17;set18;set19;set20;set22;set23;set24;set25;spa;srtB;sspA;sspB;sspC;vWbp;selX;sei;sem;seu;seo;sen;selZ;sel27;sel28;sec2;sel;sel26;seb;sek;seq;sep;seh;ser;sej;sed;eta;etb;sel30
064222_52,ST5,t311,Not Assigned,MSSA,,,0,adsA;aur;cap8B;cap8C;cap8D;cap8E;cap8F;cap8G;cap8L;cap8M;cap8O;cap8P;capA;capN;chp;clfA;clfB;eap/map;ebp;esaA;esaB;esaD;esaE;esaG;essA;essB;essC;esxA;esxB;esxC;esxD;fnbA;fnbB;geh;harA;hlb;hld;hlgA;hlgB;hlgC;hly/hla;hysA;icaA;icaB;icaC;icaD;icaR;isdA;isdB;isdC;isdD;isdE;isdF;isdG;isdI;lip;lukF-PV;sak;sbi;scn;sdrC;sdrD;sdrE;seb;set16;set17;set18;set19;set20;set22;set23;set24;set25;set26;spa;srtB;sspA;sspB;sspC;lukS-PV;selX;sei;sem;seu;seo;sen;sea;selZ;sel27;sel28;sec2;sel;sel26;sek;seq;sep;seh;ser;sej;sed;eta;etb;sel30
064223_53,ST1,t1931,SCCmec_type_V(5C2&5),MRSA,,,0,adsA;aur;cap8B;cap8C;cap8D;cap8E;cap8F;cap8G;cap8H;cap8I;cap8J;cap8K;cap8L;cap8M;cap8O;cap8P;capA;capN;chp;clfA;clfB;coa;ebp;esaA;esaB;esaD;esaE;esaG;essA;essB;essC;esxA;esxB;esxC;esxD;fnbA;fnbB;geh;harA;hlb;hld;hlgA;hlgB;hlgC;hly/hla;hysA;icaA;icaB;icaC;icaD;icaR;isdA;isdB;isdC;isdD;isdE;isdF;isdG;isdI;lip;lukF-PV;lukS-PV;sak;sbi;scn;sdrC;sdrD;sdrE;seh;set16;set17;set18;set19;set20;set21;set22;set23;set24;set25;set26;srtB;sspA;sspB;sspC;vWbp;selX;sei;sem;seu;seo;sen;sea;selZ;sel27;sel28;sec2;sel;sel26;seb;sek;seq;sep;ser;sej;sed;eta;etb;sel30
064224_54,ST152,t4690,SCCmec_type_V(5C2&5),MRSA,,,0,adsA;aur;cap8B;cap8C;cap8D;cap8E;cap8F;cap8G;cap8L;cap8M;cap8O;cap8P;capA;capN;clfA;clfB;cna;coa;ebp;esaA;esaB;esaD;esaE;esaG;essA;essB;essC;esxA;esxB;esxC;esxD;ete;fnbA;fnbB;geh;hlb;hld;hlgA;hlgB;hlgC;hly/hla;hysA;icaA;icaB;icaC;icaD;icaR;isdA;isdB;isdC;isdD;isdE;isdF;isdG;isdI;lip;lukF-PV;lukS-PV;sak;sbi;scn;sdrD;sdrE;set16;set17;set20;set22;set25;spa;srtB;sspA;sspB;sspC;selX;sei;sem;seu;seo;sen;sea;selZ;sel27;sel28;sec2;sel;sel26;seb;sek;seq;sep;seh;ser;sej;sed;eta;etb;sel30
064225_55,ST508,t630,Not Assigned,MSSA,,,0,adsA;aur;cap8B;cap8C;cap8D;cap8E;cap8F;cap8G;cap8H;cap8I;cap8J;cap8K;cap8L;cap8M;cap8O;cap8P;capA;capN;chp;clfA;clfB;coa;eap/map;ebp;esaA;esaB;esaD;esaE;esaG;essA;essB;essC;esxA;esxB;esxC;esxD;fnbA;fnbB;geh;harA;hlb;hld;hlgA;hlgB;hlgC;hly/hla;hysA;icaA;icaB;icaC;icaD;icaR;isdA;isdB;isdC;isdD;isdE;isdF;isdG;isdI;lip;sak;sbi;scn;sdrC;sdrE;set16;set17;set20;set22;set24;set25;spa;srtB;sspA;sspB;sspC;vWbp;lukF-PV;lukS-PV;selX;sei;sem;seu;seo;sen;sea;selZ;sel27;sel28;sec2;sel;sel26;seb;sek;seq;sep;seh;ser;sej;sed;eta;etb;sel30
064226_56,ST772,t345,SCCmec_type_V(5C2),MRSA,,,0,adsA;aur;cap8B;cap8C;cap8D;cap8E;cap8F;cap8G;cap8L;cap8M;cap8O;cap8P;capA;capN;clfA;clfB;coa;eap/map;ebp;esaA;esaB;esaG;essA;essB;esxA;fnbA;fnbB;geh;harA;hlb;hld;hlgA;hlgB;hlgC;hly/hla;hysA;icaA;icaB;icaC;icaD;icaR;isdA;isdB;isdC;isdD;isdE;isdF;isdG;isdI;lip;lukF-PV;lukS-PV;sbi;scn;sdrC;sdrD;sdrE;sea;sec;sell;set16;set17;set18;set19;set20;set22;set23;set24;set25;spa;srtB;sspA;sspB;sspC;vWbp;selX;sei;sem;seu;seo;sen;selZ;sel27;sel28;sec2;sel;sel26;seb;sek;seq;sep;seh;ser;sej;sed;eta;etb;sel30
064227_57,ST508,t630,Not Assigned,MSSA,,,0,adsA;aur;cap8B;cap8C;cap8D;cap8E;cap8F;cap8G;cap8H;cap8I;cap8J;cap8K;cap8L;cap8M;cap8O;cap8P;capA;capN;chp;clfA;clfB;coa;eap/map;ebp;esaA;esaB;esaD;esaE;esaG;essA;essB;essC;esxA;esxB;esxC;esxD;fnbA;fnbB;geh;harA;hlb;hld;hlgA;hlgB;hlgC;hly/hla;hysA;icaA;icaB;icaC;icaD;icaR;isdA;isdB;isdC;isdD;isdE;isdF;isdG;isdI;lip;sak;sbi;scn;sdrC;sdrE;set16;set17;set20;set22;set25;spa;srtB;sspA;sspB;sspC;vWbp;lukF-PV;lukS-PV;selX;sei;sem;seu;seo;sen;sea;selZ;sel27;sel28;sec2;sel;sel26;seb;sek;seq;sep;seh;ser;sej;sed;eta;etb;sel30
064228_58,ST30,t318,Not Assigned,MSSA,,,0,adsA;aur;cap8B;cap8C;cap8D;cap8E;cap8F;cap8G;cap8H;cap8I;cap8J;cap8K;cap8L;cap8M;cap8O;cap8P;capA;capN;chp;clfA;clfB;eap/map;ebp;esaA;esaB;esaG;essA;essB;esxA;fnbA;geh;harA;hlb;hld;hlgA;hlgB;hlgC;hly/hla;hysA;icaA;icaB;icaC;icaD;icaR;isdA;isdB;isdC;isdD;isdE;isdF;isdG;isdI;lip;lukF-PV;lukS-PV;sak;sbi;scn;sdrC;sdrD;sdrE;set16;set17;set20;set22;set24;set25;set26;spa;srtB;sspA;sspB;sspC;vWbp;selX;sei;sem;seu;seo;sen;sea;selZ;sel27;sel28;sec2;sel;sel26;seb;sek;seq;sep;seh;ser;sej;sed;eta;etb;sel30
064230_60,ST88,t5814,SCCmec_type_V(5C2&5),MRSA,,,0,adsA;aur;cap8B;cap8C;cap8D;cap8E;cap8F;cap8G;cap8H;cap8I;cap8J;cap8K;cap8L;cap8M;cap8O;cap8P;capA;capN;chp;clfA;clfB;eap/map;ebp;esaA;esaB;esaD;esaE;esaG;essA;essB;essC;esxA;esxB;esxC;esxD;fnbA;geh;harA;hlb;hld;hlgA;hlgB;hlgC;hly/hla;hysA;icaA;icaB;icaC;icaD;icaR;isdA;isdB;isdC;isdD;isdE;isdF;isdG;isdI;lip;lukF-PV;lukS-PV;sak;sbi;scn;sdrC;sdrD;sdrE;sec;sell;set16;set17;set18;set19;set20;set21;set22;set23;set24;set25;set26;spa;srtB;sspA;sspB;sspC;selX;sei;sem;seu;seo;sen;sea;selZ;sel27;sel28;sec2;sel;sel26;seb;sek;seq;sep;seh;ser;sej;sed;eta;etb;sel30
064231_61,ST772,t657,SCCmec_type_V(5C2),MRSA,,,0,adsA;aur;cap8B;cap8C;cap8D;cap8E;cap8F;cap8G;cap8L;cap8M;cap8O;cap8P;capA;capN;clfA;clfB;coa;eap/map;ebp;esaA;esaB;esaG;essA;essB;esxA;fnbA;fnbB;geh;harA;hlb;hld;hlgA;hlgB;hlgC;hly/hla;hysA;icaA;icaB;icaC;icaD;icaR;isdA;isdB;isdC;isdD;isdE;isdF;isdG;isdI;lip;lukF-PV;lukS-PV;sbi;scn;sdrC;sdrD;sdrE;sea;sec;sell;set16;set17;set18;set19;set20;set22;set23;set24;set25;spa;srtB;sspA;sspB;sspC;vWbp;selX;sei;sem;seu;seo;sen;selZ;sel27;sel28;sec2;sel;sel26;seb;sek;seq;sep;seh;ser;sej;sed;eta;etb;sel30
064232_62,ST772,t657,SCCmec_type_V(5C2),MRSA,,,0,adsA;aur;cap8B;cap8C;cap8D;cap8E;cap8F;cap8G;cap8L;cap8M;cap8O;cap8P;capA;capN;clfA;clfB;coa;eap/map;ebp;esaA;esaB;esaG;essA;essB;esxA;fnbA;fnbB;geh;harA;hlb;hld;hlgA;hlgB;hlgC;hly/hla;hysA;icaA;icaB;icaC;icaD;icaR;isdA;isdB;isdC;isdD;isdE;isdF;isdG;isdI;lip;lukF-PV;lukS-PV;sbi;scn;sdrC;sdrD;sdrE;sea;sec;sell;set16;set17;set18;set19;set20;set22;set23;set24;set25;spa;srtB;sspA;sspB;sspC;vWbp;selX;sei;sem;seu;seo;sen;selZ;sel27;sel28;sec2;sel;sel26;seb;sek;seq;sep;seh;ser;sej;sed;eta;etb;sel30
064233_63,ST8,t064,SCCmec_type_V(5C2&5),MRSA,,,0,adsA;aur;cap8B;cap8C;cap8D;cap8E;cap8F;cap8G;cap8L;cap8M;cap8O;cap8P;capA;capN;clfA;clfB;coa;eap/map;ebp;esaA;esaB;esaD;esaE;esaG;essA;essB;essC;esxA;esxB;esxC;esxD;fnbA;fnbB;geh;harA;hlb;hld;hlgA;hlgB;hlgC;hly/hla;hysA;icaA;icaB;icaC;icaD;icaR;isdA;isdB;isdC;isdD;isdE;isdF;isdG;isdI;lip;lukF-PV;sak;sbi;scn;sdrC;sdrD;sdrE;sea;seb;selk;selq;set16;set17;set18;set20;set21;set22;set23;set24;set25;spa;srtB;sspA;sspB;sspC;vWbp;lukS-PV;selX;sei;sem;seu;seo;sen;selZ;sel27;sel28;sec2;sel;sel26;sek;seq;sep;seh;ser;sej;sed;eta;etb;sel30
064234_64,ST772,t657,SCCmec_type_V(5C2),MRSA,,,0,adsA;aur;cap8B;cap8C;cap8D;cap8E;cap8F;cap8G;cap8L;cap8M;cap8O;cap8P;capA;capN;clfA;clfB;coa;eap/map;ebp;esaA;esaB;esaG;essA;essB;esxA;fnbA;fnbB;geh;harA;hlb;hld;hlgA;hlgB;hlgC;hly/hla;hysA;icaA;icaB;icaC;icaD;icaR;isdA;isdB;isdC;isdD;isdE;isdF;isdG;isdI;lip;lukF-PV;lukS-PV;sbi;scn;sdrC;sdrD;sdrE;sea;sec;sell;set16;set17;set18;set19;set20;set22;set23;set24;set25;spa;srtB;sspA;sspB;sspC;vWbp;selX;sei;sem;seu;seo;sen;selZ;sel27;sel28;sec2;sel;sel26;seb;sek;seq;sep;seh;ser;sej;sed;eta;etb;sel30
064235_65,ST121,t314,SCCmec_type_IV(2B),MRSA,,,0,adsA;aur;cap8B;cap8C;cap8D;cap8E;cap8F;cap8G;cap8H;cap8I;cap8J;cap8K;cap8L;cap8M;cap8O;cap8P;capA;capN;clfA;clfB;eap/map;esaA;esaB;esaD;esaE;esaG;essA;essB;essC;esxA;esxB;esxC;esxD;fnbA;fnbB;geh;harA;hlb;hld;hlgA;hlgB;hlgC;hly/hla;hysA;icaA;icaB;icaC;icaD;icaR;isdA;isdB;isdC;isdD;isdE;isdF;isdG;isdI;lip;lukF-PV;lukS-PV;sak;sbi;scn;sdrC;sdrE;seb;set16;set17;set18;set19;set20;set21;set22;set23;set24;set25;srtB;sspA;sspB;sspC;vWbp;selX;sei;sem;seu;seo;sen;sea;selZ;sel27;sel28;sec2;sel;sel26;sek;seq;sep;seh;ser;sej;sed;eta;etb;sel30
064236_66,ST772,t657,SCCmec_type_V(5C2),MRSA,,,0,adsA;aur;cap8B;cap8C;cap8D;cap8E;cap8F;cap8G;cap8L;cap8M;cap8O;cap8P;capA;capN;clfA;clfB;coa;eap/map;ebp;esaA;esaB;esaG;essA;essB;esxA;fnbA;fnbB;geh;harA;hlb;hld;hlgA;hlgB;hlgC;hly/hla;hysA;icaA;icaB;icaC;icaD;icaR;isdA;isdB;isdC;isdD;isdE;isdF;isdG;isdI;lip;lukF-PV;lukS-PV;sbi;scn;sdrC;sdrD;sdrE;sea;set16;set17;set18;set19;set20;set22;set23;set24;set25;spa;srtB;sspA;sspB;sspC;vWbp;selX;sei;sem;seu;seo;sen;selZ;sel27;sel28;sec2;sel;sel26;seb;sek;seq;sep;seh;ser;sej;sed;eta;etb;sel30
064237_67,ST15,t084,Not Assigned,MSSA,,,0,adsA;aur;cap8B;cap8C;cap8D;cap8E;cap8F;cap8G;cap8H;cap8I;cap8J;cap8K;cap8L;cap8M;cap8O;cap8P;capA;capN;chp;clfA;clfB;coa;eap/map;ebp;esaA;esaB;esaG;essA;essB;essC;esxA;fnbA;fnbB;geh;harA;hlb;hld;hlgA;hlgB;hlgC;hly/hla;hysA;icaA;icaB;icaC;icaD;icaR;isdA;isdB;isdC;isdD;isdE;isdF;isdG;isdI;lip;lukF-PV;lukS-PV;sbi;scn;sdrC;sdrD;sdrE;sea;set16;set17;set18;set19;set20;set21;set22;set23;set24;set25;set26;srtB;sspA;sspB;sspC;selX;sei;sem;seu;seo;sen;selZ;sel27;sel28;sec2;sel;sel26;seb;sek;seq;sep;seh;ser;sej;sed;eta;etb;sel30
064238_68,ST772,t657,SCCmec_type_V(5C2),MRSA,,,0,adsA;aur;cap8B;cap8C;cap8D;cap8E;cap8F;cap8G;cap8L;cap8M;cap8O;cap8P;capA;capN;clfA;clfB;coa;eap/map;ebp;esaA;esaB;esaG;essA;essB;esxA;fnbA;fnbB;geh;harA;hlb;hld;hlgA;hlgB;hlgC;hly/hla;hysA;icaA;icaB;icaC;icaD;icaR;isdA;isdB;isdC;isdD;isdE;isdF;isdG;isdI;lip;lukF-PV;lukS-PV;sbi;scn;sdrC;sdrD;sdrE;sea;sec;sell;set16;set17;set18;set19;set20;set22;set23;set24;set25;spa;srtB;sspA;sspB;sspC;vWbp;selX;sei;sem;seu;seo;sen;selZ;sel27;sel28;sec2;sel;sel26;seb;sek;seq;sep;seh;ser;sej;sed;eta;etb;sel30
064239_69,ST15,t853,Not Assigned,MSSA,,,0,adsA;aur;cap8B;cap8C;cap8D;cap8E;cap8F;cap8G;cap8H;cap8I;cap8J;cap8K;cap8L;cap8M;cap8O;cap8P;capA;capN;chp;clfA;clfB;coa;eap/map;ebp;esaA;esaB;esaG;essA;essB;essC;esxA;fnbA;fnbB;geh;harA;hlb;hld;hlgA;hlgB;hlgC;hly/hla;hysA;icaA;icaB;icaC;icaD;icaR;isdA;isdB;isdC;isdD;isdE;isdF;isdG;isdI;lip;lukF-PV;sbi;scn;sdrC;sdrE;set16;set17;set18;set19;set20;set21;set22;set23;set24;set25;set26;spa;srtB;sspA;sspB;sspC;lukS-PV;selX;sei;sem;seu;seo;sen;sea;selZ;sel27;sel28;sec2;sel;sel26;seb;sek;seq;sep;seh;ser;sej;sed;eta;etb;sel30
064240_70,ST508,t630,Not Assigned,MSSA,,,0,adsA;aur;cap8B;cap8C;cap8D;cap8E;cap8F;cap8G;cap8H;cap8I;cap8J;cap8K;cap8L;cap8M;cap8O;cap8P;capA;capN;chp;clfA;clfB;coa;eap/map;ebp;esaA;esaB;esaD;esaE;esaG;essA;essB;essC;esxA;esxB;esxC;esxD;fnbA;fnbB;geh;harA;hlb;hld;hlgA;hlgB;hlgC;hly/hla;hysA;icaA;icaB;icaC;icaD;icaR;isdA;isdB;isdC;isdD;isdE;isdF;isdG;isdI;lip;sak;sbi;scn;sdrC;sdrE;set16;set17;set20;set22;set24;set25;spa;srtB;sspA;sspB;sspC;vWbp;lukF-PV;lukS-PV;selX;sei;sem;seu;seo;sen;sea;selZ;sel27;sel28;sec2;sel;sel26;seb;sek;seq;sep;seh;ser;sej;sed;eta;etb;sel30
064241_71,ST669,t20568,Not Assigned,MSSA,,,0,adsA;aur;cap8B;cap8C;cap8D;cap8E;cap8F;cap8G;cap8L;cap8M;cap8O;cap8P;capA;capN;chp;clfA;clfB;coa;eap/map;ebp;esaA;esaB;esaD;esaE;esaG;essA;essB;essC;esxA;esxB;esxC;esxD;fnbA;fnbB;geh;harA;hlb;hld;hlgA;hlgB;hlgC;hly/hla;hysA;icaA;icaB;icaC;icaD;icaR;isdA;isdB;isdC;isdD;isdE;isdF;isdG;isdI;lip;lukF-PV;sak;sbi;scn;sdrC;sdrE;selk;selq;set16;set17;set18;set19;set20;set22;set23;set24;set25;spa;srtB;sspA;sspB;sspC;lukS-PV;selX;sei;sem;seu;seo;sen;sea;selZ;sel27;sel28;sec2;sel;sel26;seb;sek;seq;sep;seh;ser;sej;sed;eta;etb;sel30
064242_72,ST121,t2304,Not Assigned,MSSA,,,0,adsA;aur;cap8B;cap8C;cap8D;cap8E;cap8F;cap8G;cap8H;cap8I;cap8J;cap8K;cap8L;cap8M;cap8O;cap8P;capA;capN;clfA;clfB;eap/map;esaA;esaB;esaD;esaE;esaG;essA;essB;essC;esxA;esxB;esxC;esxD;fnbA;fnbB;geh;harA;hlb;hld;hlgA;hlgB;hlgC;hly/hla;hysA;icaA;icaB;icaC;icaD;icaR;isdA;isdB;isdC;isdD;isdE;isdF;isdG;isdI;lip;lukF-PV;lukS-PV;sak;sbi;scn;sdrC;sdrE;seb;selk;selq;set16;set17;set18;set19;set20;set21;set22;set23;set24;set25;srtB;sspA;sspB;sspC;vWbp;selX;sei;sem;seu;seo;sen;sea;selZ;sel27;sel28;sec2;sel;sel26;sek;seq;sep;seh;ser;sej;sed;eta;etb;sel30
064243_73,ST30,t318,Not Assigned,MSSA,,,0,adsA;aur;cap8B;cap8C;cap8D;cap8E;cap8F;cap8G;cap8H;cap8I;cap8J;cap8K;cap8L;cap8M;cap8O;cap8P;capA;capN;chp;clfA;clfB;eap/map;ebp;esaA;esaB;esaG;essA;essB;esxA;fnbA;geh;harA;hlb;hld;hlgA;hlgB;hlgC;hly/hla;hysA;icaA;icaB;icaC;icaD;icaR;isdA;isdB;isdC;isdD;isdE;isdF;isdG;isdI;lip;lukF-PV;lukS-PV;sak;sbi;scn;sdrC;sdrD;sdrE;set16;set17;set20;set22;set24;set25;set26;spa;srtB;sspA;sspB;sspC;vWbp;selX;sei;sem;seu;seo;sen;sea;selZ;sel27;sel28;sec2;sel;sel26;seb;sek;seq;sep;seh;ser;sej;sed;eta;etb;sel30
064244_74,ST772,t657,SCCmec_type_V(5C2),MRSA,,,0,adsA;aur;cap8B;cap8C;cap8D;cap8E;cap8F;cap8G;cap8L;cap8M;cap8O;cap8P;capA;capN;clfA;clfB;coa;eap/map;ebp;esaA;esaB;esaG;essA;essB;esxA;fnbA;fnbB;geh;harA;hlb;hld;hlgA;hlgB;hlgC;hly/hla;hysA;icaA;icaB;icaC;icaD;icaR;isdA;isdB;isdC;isdD;isdE;isdF;isdG;isdI;lip;lukF-PV;lukS-PV;sbi;scn;sdrC;sdrD;sdrE;sea;sec;sell;set16;set17;set18;set19;set20;set22;set23;set24;set25;spa;srtB;sspA;sspB;sspC;vWbp;selX;sei;sem;seu;seo;sen;selZ;sel27;sel28;sec2;sel;sel26;seb;sek;seq;sep;seh;ser;sej;sed;eta;etb;sel30
064245_75,ST121,t2304,Not Assigned,MSSA,,,0,adsA;aur;cap8B;cap8C;cap8D;cap8E;cap8F;cap8G;cap8H;cap8I;cap8J;cap8K;cap8L;cap8M;cap8O;cap8P;capA;capN;clfA;clfB;eap/map;esaA;esaB;esaD;esaE;esaG;essA;essB;essC;esxA;esxB;esxC;esxD;fnbA;fnbB;geh;harA;hlb;hld;hlgA;hlgB;hlgC;hly/hla;hysA;icaA;icaB;icaC;icaD;icaR;isdA;isdB;isdC;isdD;isdE;isdF;isdG;isdI;lip;lukF-PV;lukS-PV;sak;sbi;scn;sdrC;sdrE;seb;set16;set17;set18;set19;set20;set21;set22;set23;set24;set25;srtB;sspA;sspB;sspC;vWbp;selX;sei;sem;seu;seo;sen;sea;selZ;sel27;sel28;sec2;sel;sel26;sek;seq;sep;seh;ser;sej;sed;eta;etb;sel30
064246_76,ST152,t355,Not Assigned,MSSA,,,0,adsA;aur;cap8B;cap8C;cap8D;cap8E;cap8F;cap8G;cap8L;cap8M;cap8O;cap8P;capA;capN;clfA;clfB;coa;ebp;esaA;esaB;esaD;esaE;esaG;essA;essB;essC;esxA;esxB;esxC;esxD;fnbA;fnbB;geh;hlb;hld;hlgA;hlgB;hlgC;hly/hla;hysA;icaA;icaB;icaC;icaD;icaR;isdA;isdB;isdC;isdD;isdE;isdF;isdG;isdI;lip;lukF-PV;lukS-PV;sak;sbi;scn;sdrD;sdrE;set16;set17;set20;set22;set25;spa;srtB;sspA;sspB;sspC;selX;sei;sem;seu;seo;sen;sea;selZ;sel27;sel28;sec2;sel;sel26;seb;sek;seq;sep;seh;ser;sej;sed;eta;etb;sel30
064247_77,ST772,t657,SCCmec_type_V(5C2),MRSA,,,0,adsA;aur;cap8B;cap8C;cap8D;cap8E;cap8F;cap8G;cap8L;cap8M;cap8O;cap8P;capA;capN;clfA;clfB;coa;eap/map;ebp;esaA;esaB;esaG;essA;essB;esxA;fnbA;fnbB;geh;harA;hlb;hld;hlgA;hlgB;hlgC;hly/hla;hysA;icaA;icaB;icaC;icaD;icaR;isdA;isdB;isdC;isdD;isdE;isdF;isdG;isdI;lip;lukF-PV;lukS-PV;sbi;scn;sdrC;sdrD;sdrE;sea;sec;sell;set16;set17;set18;set19;set20;set22;set23;set24;set25;spa;srtB;sspA;sspB;sspC;vWbp;selX;sei;sem;seu;seo;sen;selZ;sel27;sel28;sec2;sel;sel26;seb;sek;seq;sep;seh;ser;sej;sed;eta;etb;sel30
064248_78,ST772,t657,SCCmec_type_V(5C2),MRSA,,,0,adsA;aur;cap8B;cap8C;cap8D;cap8E;cap8F;cap8G;cap8L;cap8M;cap8O;cap8P;capA;capN;clfA;clfB;coa;eap/map;ebp;esaA;esaB;esaG;essA;essB;esxA;fnbA;fnbB;geh;harA;hlb;hld;hlgA;hlgB;hlgC;hly/hla;hysA;icaA;icaB;icaC;icaD;icaR;isdA;isdB;isdC;isdD;isdE;isdF;isdG;isdI;lip;lukF-PV;lukS-PV;sbi;scn;sdrC;sdrD;sdrE;sea;sec;sell;set16;set17;set18;set19;set20;set22;set23;set24;set25;spa;srtB;sspA;sspB;sspC;vWbp;selX;sei;sem;seu;seo;sen;selZ;sel27;sel28;sec2;sel;sel26;seb;sek;seq;sep;seh;ser;sej;sed;eta;etb;sel30
064249_79,ST772,t657,SCCmec_type_V(5C2),MRSA,,,0,adsA;aur;cap8B;cap8C;cap8D;cap8E;cap8F;cap8G;cap8L;cap8M;cap8O;cap8P;capA;capN;clfA;clfB;coa;eap/map;ebp;esaA;esaB;esaG;essA;essB;esxA;fnbA;fnbB;geh;harA;hlb;hld;hlgA;hlgB;hlgC;hly/hla;hysA;icaA;icaB;icaC;icaD;icaR;isdA;isdB;isdC;isdD;isdE;isdF;isdG;isdI;lip;lukF-PV;lukS-PV;sbi;scn;sdrC;sdrD;sdrE;sea;sec;sell;set16;set17;set18;set19;set20;set22;set23;set24;set25;spa;srtB;sspA;sspB;sspC;vWbp;selX;sei;sem;seu;seo;sen;selZ;sel27;sel28;sec2;sel;sel26;seb;sek;seq;sep;seh;ser;sej;sed;eta;etb;sel30
064250_80,ST152,t4690,SCCmec_type_V(5C2&5),MRSA,,,0,adsA;aur;cap8B;cap8C;cap8D;cap8E;cap8F;cap8G;cap8L;cap8M;cap8O;cap8P;capA;capN;clfA;clfB;coa;ebp;esaA;esaB;esaD;esaE;esaG;essA;essB;essC;esxA;esxB;esxC;esxD;ete;fnbA;fnbB;geh;hlb;hld;hlgA;hlgB;hlgC;hly/hla;hysA;icaA;icaB;icaC;icaD;icaR;isdA;isdB;isdC;isdD;isdE;isdF;isdG;isdI;lip;lukF-PV;lukS-PV;sak;sbi;scn;sdrD;sdrE;set16;set17;set20;set22;set25;spa;srtB;sspA;sspB;sspC;selX;sei;sem;seu;seo;sen;sea;selZ;sel27;sel28;sec2;sel;sel26;seb;sek;seq;sep;seh;ser;sej;sed;eta;etb;sel30
064251_81,ST772,t657,SCCmec_type_V(5C2),MRSA,,,0,adsA;aur;cap8B;cap8C;cap8D;cap8E;cap8F;cap8G;cap8L;cap8M;cap8O;cap8P;capA;capN;clfA;clfB;coa;eap/map;ebp;esaA;esaB;esaG;essA;essB;esxA;fnbA;fnbB;geh;harA;hlb;hld;hlgA;hlgB;hlgC;hly/hla;hysA;icaA;icaB;icaC;icaD;icaR;isdA;isdB;isdC;isdD;isdE;isdF;isdG;isdI;lip;lukF-PV;lukS-PV;sbi;scn;sdrC;sdrD;sdrE;sea;sec;sell;set16;set17;set18;set19;set20;set22;set23;set24;set25;spa;srtB;sspA;sspB;sspC;vWbp;selX;sei;sem;seu;seo;sen;selZ;sel27;sel28;sec2;sel;sel26;seb;sek;seq;sep;seh;ser;sej;sed;eta;etb;sel30
064252_82,ST772,t657,SCCmec_type_V(5C2),MRSA,,,0,adsA;aur;cap8B;cap8C;cap8D;cap8E;cap8F;cap8G;cap8L;cap8M;cap8O;cap8P;capA;capN;clfA;clfB;coa;eap/map;ebp;esaA;esaB;esaG;essA;essB;esxA;fnbA;fnbB;geh;harA;hlb;hld;hlgA;hlgB;hlgC;hly/hla;hysA;icaA;icaB;icaC;icaD;icaR;isdA;isdB;isdC;isdD;isdE;isdF;isdG;isdI;lip;lukF-PV;lukS-PV;sbi;scn;sdrC;sdrD;sdrE;sea;sec;sell;set16;set17;set18;set19;set20;set22;set23;set24;set25;spa;srtB;sspA;sspB;sspC;vWbp;selX;sei;sem;seu;seo;sen;selZ;sel27;sel28;sec2;sel;sel26;seb;sek;seq;sep;seh;ser;sej;sed;eta;etb;sel30
064253_83,Not typed,t355,Not Assigned,MSSA,,,0,adsA;aur;cap8B;cap8C;cap8D;cap8E;cap8F;cap8G;cap8L;cap8M;cap8O;cap8P;capA;capN;clfA;clfB;coa;ebp;esaA;esaB;esaD;esaE;esaG;essA;essB;essC;esxA;esxB;esxC;esxD;ete;fnbA;fnbB;geh;hlb;hld;hlgA;hlgB;hlgC;hly/hla;hysA;icaA;icaB;icaC;icaD;icaR;isdA;isdB;isdC;isdD;isdE;isdF;isdG;isdI;lip;lukF-PV;lukS-PV;sak;sbi;scn;sdrD;sdrE;set16;set17;set20;set22;set25;spa;srtB;sspA;sspB;sspC;selX;sei;sem;seu;seo;sen;sea;selZ;sel27;sel28;sec2;sel;sel26;seb;sek;seq;sep;seh;ser;sej;sed;eta;etb;sel30
064254_84,ST772,t657,SCCmec_type_V(5C2),MRSA,,,0,adsA;aur;cap8B;cap8C;cap8D;cap8E;cap8F;cap8G;cap8L;cap8M;cap8O;cap8P;capA;capN;clfA;clfB;coa;ebp;esaA;esaB;esaG;essA;essB;esxA;fnbA;fnbB;geh;harA;hlb;hld;hlgA;hlgB;hlgC;hly/hla;hysA;icaA;icaB;icaC;icaD;icaR;isdA;isdB;isdC;isdD;isdE;isdF;isdG;isdI;lip;sbi;scn;sdrC;sdrD;sdrE;set16;set17;set18;set19;set20;set22;set23;set24;set25;spa;srtB;sspA;sspB;sspC;vWbp;lukF-PV;lukS-PV;selX;sei;sem;seu;seo;sen;sea;selZ;sel27;sel28;sec2;sel;sel26;seb;sek;seq;sep;seh;ser;sej;sed;eta;etb;sel30
064255_85,ST152,t355,Not Assigned,MSSA,,,0,adsA;aur;cap8B;cap8C;cap8D;cap8E;cap8F;cap8G;cap8L;cap8M;cap8O;cap8P;capA;capN;clfA;clfB;coa;ebp;esaA;esaB;esaD;esaE;esaG;essA;essB;essC;esxA;esxB;esxC;esxD;fnbA;fnbB;geh;hlb;hld;hlgA;hlgB;hlgC;hly/hla;hysA;icaA;icaB;icaC;icaD;icaR;isdA;isdB;isdC;isdD;isdE;isdF;isdG;isdI;lip;lukF-PV;lukS-PV;sak;sbi;scn;sdrD;sdrE;set16;set17;set20;set22;set25;spa;srtB;sspA;sspB;sspC;selX;sei;sem;seu;seo;sen;sea;selZ;sel27;sel28;sec2;sel;sel26;seb;sek;seq;sep;seh;ser;sej;sed;eta;etb;sel30
064256_86,ST152,t4690,SCCmec_type_V(5C2&5),MRSA,,,0,adsA;aur;cap8B;cap8C;cap8D;cap8E;cap8F;cap8G;cap8L;cap8M;cap8O;cap8P;capA;capN;clfA;clfB;coa;ebp;esaA;esaB;esaD;esaE;esaG;essA;essB;essC;esxA;esxB;esxC;esxD;ete;fnbA;fnbB;geh;hlb;hld;hlgA;hlgB;hlgC;hly/hla;hysA;icaA;icaB;icaC;icaD;icaR;isdA;isdB;isdC;isdD;isdE;isdF;isdG;isdI;lip;lukF-PV;lukS-PV;sak;sbi;scn;sdrD;sdrE;set16;set17;set20;set22;set25;spa;srtB;sspA;sspB;sspC;selX;sei;sem;seu;seo;sen;sea;selZ;sel27;sel28;sec2;sel;sel26;seb;sek;seq;sep;seh;ser;sej;sed;eta;etb;sel30
064257_87,ST789,t091,SCCmec_type_V(5C2&5),MRSA,,,0,adsA;aur;cap8B;cap8C;cap8D;cap8E;cap8F;cap8G;cap8H;cap8I;cap8J;cap8K;cap8L;cap8M;cap8O;cap8P;capA;capN;clfA;clfB;coa;eap/map;ebp;esaA;esaB;esaD;esaE;esaG;essA;essB;essC;esxA;esxB;esxC;esxD;fnbA;fnbB;geh;harA;hlb;hld;hlgA;hlgB;hlgC;hly/hla;hysA;icaA;icaB;icaC;icaD;icaR;isdA;isdB;isdC;isdD;isdE;isdF;isdG;isdI;lip;lukF-PV;sak;sbi;scn;sdrC;sdrD;sdrE;sea;set16;set17;set18;set19;set20;set21;set22;set23;set24;set25;srtB;sspA;sspB;sspC;lukS-PV;selX;sei;sem;seu;seo;sen;selZ;sel27;sel28;sec2;sel;sel26;seb;sek;seq;sep;seh;ser;sej;sed;eta;etb;sel30
064258_88,ST508,t630,Not Assigned,MSSA,,,0,adsA;aur;cap8B;cap8C;cap8D;cap8E;cap8F;cap8G;cap8H;cap8I;cap8J;cap8K;cap8L;cap8M;cap8O;cap8P;capA;capN;chp;clfA;clfB;coa;eap/map;ebp;esaA;esaB;esaD;esaE;esaG;essA;essB;essC;esxA;esxB;esxC;esxD;fnbA;fnbB;geh;harA;hlb;hld;hlgA;hlgB;hlgC;hly/hla;hysA;icaA;icaB;icaC;icaD;icaR;isdA;isdB;isdC;isdD;isdE;isdF;isdG;isdI;lip;sak;sbi;scn;sdrC;sdrE;set16;set17;set20;set22;set24;set25;spa;srtB;sspA;sspB;sspC;vWbp;lukF-PV;lukS-PV;selX;sei;sem;seu;seo;sen;sea;selZ;sel27;sel28;sec2;sel;sel26;seb;sek;seq;sep;seh;ser;sej;sed;eta;etb;sel30
064259_89,ST772,t657,SCCmec_type_V(5C2),MRSA,,,0,adsA;aur;cap8B;cap8C;cap8D;cap8E;cap8F;cap8G;cap8L;cap8M;cap8O;cap8P;capA;capN;clfA;clfB;coa;eap/map;ebp;esaA;esaB;esaG;essA;essB;esxA;fnbA;fnbB;geh;harA;hlb;hld;hlgA;hlgB;hlgC;hly/hla;hysA;icaA;icaB;icaC;icaD;icaR;isdA;isdB;isdC;isdD;isdE;isdF;isdG;isdI;lip;sbi;scn;sdrC;sdrD;sdrE;set16;set17;set18;set19;set20;set22;set23;set24;set25;spa;srtB;sspA;sspB;sspC;vWbp;lukF-PV;lukS-PV;selX;sei;sem;seu;seo;sen;sea;selZ;sel27;sel28;sec2;sel;sel26;seb;sek;seq;sep;seh;ser;sej;sed;eta;etb;sel30
064260_90,ST8,t9582,Not Assigned,MSSA,,,0,adsA;aur;cap8B;cap8C;cap8D;cap8E;cap8F;cap8G;cap8L;cap8M;cap8O;cap8P;capA;capN;clfA;clfB;eap/map;ebp;esaA;esaB;esaD;esaE;esaG;essA;essB;essC;esxA;esxB;esxC;esxD;fnbA;fnbB;geh;harA;hlb;hld;hlgA;hlgB;hlgC;hly/hla;hysA;icaA;icaB;icaC;icaD;icaR;isdA;isdB;isdC;isdD;isdE;isdF;isdG;isdI;lip;lukF-PV;sak;sbi;scn;sdrC;sdrD;sdrE;sea;set16;set17;set18;set20;set21;set22;set23;set24;set25;spa;srtB;sspA;sspB;sspC;vWbp;lukS-PV;selX;sei;sem;seu;seo;sen;selZ;sel27;sel28;sec2;sel;sel26;seb;sek;seq;sep;seh;ser;sej;sed;eta;etb;sel30
064261_91,ST772,t657,SCCmec_type_V(5C2),MRSA,,,0,adsA;aur;cap8B;cap8C;cap8D;cap8E;cap8F;cap8G;cap8L;cap8M;cap8O;cap8P;capA;capN;clfA;clfB;coa;eap/map;ebp;esaA;esaB;esaG;essA;essB;esxA;fnbA;fnbB;geh;harA;hlb;hld;hlgA;hlgB;hlgC;hly/hla;hysA;icaA;icaB;icaC;icaD;icaR;isdA;isdB;isdC;isdD;isdE;isdF;isdG;isdI;lip;lukF-PV;lukS-PV;sbi;scn;sdrC;sdrD;sdrE;sea;sec;sell;set16;set17;set18;set19;set20;set22;set23;set24;set25;spa;srtB;sspA;sspB;sspC;vWbp;selX;sei;sem;seu;seo;sen;selZ;sel27;sel28;sec2;sel;sel26;seb;sek;seq;sep;seh;ser;sej;sed;eta;etb;sel30
064262_92,ST772,t657,SCCmec_type_V(5C2),MRSA,,,0,adsA;aur;cap8B;cap8C;cap8D;cap8E;cap8F;cap8G;cap8L;cap8M;cap8O;cap8P;capA;capN;clfA;clfB;coa;ebp;esaA;esaB;esaG;essA;essB;esxA;fliQ;fnbA;fnbB;geh;harA;hlb;hld;hlgA;hlgB;hlgC;hly/hla;hysA;icaA;icaB;icaC;icaD;icaR;isdA;isdB;isdC;isdD;isdE;isdF;isdG;isdI;lip;lukF-PV;lukS-PV;sbi;scn;sdrC;sdrD;sdrE;sea;sec;sell;set16;set17;set18;set19;set20;set22;set23;set24;set25;spa;srtB;sspA;sspB;sspC;vWbp;selX;sei;sem;seu;seo;sen;selZ;sel27;sel28;sec2;sel;sel26;seb;sek;seq;sep;seh;ser;sej;sed;eta;etb;sel30
064263_93,ST94,t723,Not Assigned,MSSA,,,0,adsA;aur;cap8B;cap8C;cap8D;cap8E;cap8F;cap8G;cap8L;cap8M;cap8O;cap8P;capA;capN;clfA;clfB;coa;eap/map;ebp;esaA;esaB;esaD;esaE;esaG;essA;essB;essC;esxA;esxB;esxC;esxD;fnbA;fnbB;geh;harA;hlb;hld;hlgA;hlgB;hlgC;hly/hla;hysA;icaA;icaB;icaC;icaD;icaR;isdA;isdB;isdC;isdD;isdE;isdF;isdG;isdI;lip;lukF-PV;sbi;sdrC;sdrD;sdrE;set16;set17;set18;set19;set20;set21;set22;set23;set24;set25;spa;srtB;sspA;sspB;sspC;vWbp;lukS-PV;selX;sei;sem;seu;seo;sen;sea;selZ;sel27;sel28;sec2;sel;sel26;seb;sek;seq;sep;seh;ser;sej;sed;eta;etb;sel30
064264_94,ST772,t345,SCCmec_type_V(5C2),MRSA,,,0,adsA;aur;cap8B;cap8C;cap8D;cap8E;cap8F;cap8G;cap8L;cap8M;cap8O;cap8P;capA;capN;clfA;clfB;coa;eap/map;ebp;esaA;esaB;esaG;essA;essB;esxA;fnbA;fnbB;geh;harA;hlb;hld;hlgA;hlgB;hlgC;hly/hla;hysA;icaA;icaB;icaC;icaD;icaR;isdA;isdB;isdC;isdD;isdE;isdF;isdG;isdI;lip;lukF-PV;lukS-PV;sbi;scn;sdrC;sdrD;sdrE;sea;sec;sell;set16;set17;set18;set19;set20;set22;set23;set24;set25;spa;srtB;sspA;sspB;sspC;vWbp;selX;sei;sem;seu;seo;sen;selZ;sel27;sel28;sec2;sel;sel26;seb;sek;seq;sep;seh;ser;sej;sed;eta;etb;sel30
064265_95,ST789,t091,SCCmec_type_V(5C2&5),MRSA,,,0,adsA;aur;cap8B;cap8C;cap8D;cap8E;cap8F;cap8G;cap8H;cap8I;cap8J;cap8K;cap8L;cap8M;cap8O;cap8P;capA;capN;clfA;clfB;coa;eap/map;ebp;esaA;esaB;esaD;esaE;esaG;essA;essB;essC;esxA;esxB;esxC;esxD;fnbA;fnbB;geh;harA;hlb;hld;hlgA;hlgB;hlgC;hly/hla;hysA;icaA;icaB;icaC;icaD;icaR;isdA;isdB;isdC;isdD;isdE;isdF;isdG;isdI;lip;lukF-PV;sak;sbi;scn;sdrC;sdrD;sdrE;sea;set16;set17;set18;set19;set20;set21;set22;set23;set24;set25;srtB;sspA;sspB;sspC;lukS-PV;selX;sei;sem;seu;seo;sen;selZ;sel27;sel28;sec2;sel;sel26;seb;sek;seq;sep;seh;ser;sej;sed;eta;etb;sel30
064266_96,ST152,t355,Not Assigned,MSSA,,,0,adsA;aur;cap8B;cap8C;cap8D;cap8E;cap8F;cap8G;cap8L;cap8M;cap8O;cap8P;capA;capN;clfA;clfB;coa;ebp;esaA;esaB;esaD;esaE;esaG;essA;essB;essC;esxA;esxB;esxC;esxD;fnbA;fnbB;geh;hlb;hld;hlgA;hlgB;hlgC;hly/hla;hysA;icaA;icaB;icaC;icaD;icaR;isdA;isdB;isdC;isdD;isdE;isdF;isdG;isdI;lip;lukF-PV;lukS-PV;sak;sbi;scn;sdrD;sdrE;set16;set17;set20;set22;set25;spa;srtB;sspA;sspB;sspC;selX;sei;sem;seu;seo;sen;sea;selZ;sel27;sel28;sec2;sel;sel26;seb;sek;seq;sep;seh;ser;sej;sed;eta;etb;sel30
064267_97,ST789,t091,Not Assigned,MSSA,,,0,adsA;aur;cap8B;cap8C;cap8D;cap8E;cap8F;cap8G;cap8H;cap8I;cap8J;cap8K;cap8L;cap8M;cap8O;cap8P;capA;capN;clfA;clfB;coa;eap/map;ebp;esaA;esaB;esaD;esaE;esaG;essA;essB;essC;esxA;esxB;esxC;esxD;fnbA;fnbB;geh;harA;hlb;hld;hlgA;hlgB;hlgC;hly/hla;hysA;icaA;icaB;icaC;icaD;icaR;isdA;isdB;isdC;isdD;isdE;isdF;isdG;isdI;lip;lukF-PV;sak;sbi;scn;sdrC;sdrD;sdrE;sea;set16;set17;set18;set19;set20;set21;set22;set23;set24;set25;srtB;sspA;sspB;sspC;lukS-PV;selX;sei;sem;seu;seo;sen;selZ;sel27;sel28;sec2;sel;sel26;seb;sek;seq;sep;seh;ser;sej;sed;eta;etb;sel30
064268_98,ST5,t311,SCCmec_type_IV(2B),MRSA,,,0,adsA;aur;cap8B;cap8C;cap8D;cap8E;cap8F;cap8G;cap8L;cap8M;cap8O;cap8P;capA;capN;chp;clfA;clfB;eap/map;ebp;esaA;esaB;esaD;esaE;esaG;essA;essB;essC;esxA;esxB;esxC;esxD;fnbA;fnbB;geh;harA;hlb;hld;hlgA;hlgB;hlgC;hly/hla;hysA;icaA;icaB;icaC;icaD;icaR;isdA;isdB;isdC;isdD;isdE;isdF;isdG;isdI;lip;lukF-PV;sak;sbi;scn;sdrC;sdrD;sdrE;set16;set17;set18;set19;set20;set22;set23;set24;set25;set26;spa;srtB;sspA;sspB;sspC;lukS-PV;selX;sei;sem;seu;seo;sen;sea;selZ;sel27;sel28;sec2;sel;sel26;seb;sek;seq;sep;seh;ser;sej;sed;eta;etb;sel30
064269_99,ST1,t127,Not Assigned,MSSA,,,0,adsA;aur;cap8B;cap8C;cap8D;cap8E;cap8F;cap8G;cap8H;cap8I;cap8J;cap8K;cap8L;cap8M;cap8O;cap8P;capA;capN;clfA;clfB;coa;eap/map;ebp;esaA;esaB;esaD;esaE;esaG;essA;essB;essC;esxA;esxB;esxC;esxD;fnbA;fnbB;geh;harA;hlb;hld;hlgA;hlgB;hlgC;hly/hla;hysA;icaA;icaB;icaC;icaD;icaR;isdA;isdB;isdC;isdD;isdE;isdF;isdG;isdI;lip;lukF-PV;lukS-PV;sak;sbi;scn;sdrC;sdrD;sdrE;sea;seh;selk;selq;set16;set17;set18;set19;set20;set21;set22;set23;set24;set25;set26;spa;srtB;sspA;sspB;sspC;vWbp;selX;sei;sem;seu;seo;sen;selZ;sel27;sel28;sec2;sel;sel26;seb;sek;seq;sep;ser;sej;sed;eta;etb;sel30
064270_100,ST152,t4690,SCCmec_type_V(5C2&5),MRSA,,,0,adsA;aur;cap8B;cap8C;cap8D;cap8E;cap8F;cap8G;cap8L;cap8M;cap8O;cap8P;capA;capN;clfA;clfB;cna;coa;ebp;esaA;esaB;esaD;esaE;esaG;essA;essB;essC;esxA;esxB;esxC;esxD;ete;flgN;fnbA;fnbB;geh;hlb;hld;hlgA;hlgB;hlgC;hly/hla;hysA;icaA;icaB;icaC;icaD;icaR;isdA;isdB;isdC;isdD;isdE;isdF;isdG;isdI;lip;lukF-PV;lukS-PV;sak;sbi;scn;sdrD;sdrE;set16;set17;set20;set22;set25;spa;srtB;sspA;sspB;sspC;selX;sei;sem;seu;seo;sen;sea;selZ;sel27;sel28;sec2;sel;sel26;seb;sek;seq;sep;seh;ser;sej;sed;eta;etb;sel30
064271_101,ST30,t318,Not Assigned,MSSA,,,0,adsA;aur;cap8B;cap8C;cap8D;cap8E;cap8F;cap8G;cap8H;cap8I;cap8J;cap8K;cap8L;cap8M;cap8O;cap8P;capA;capN;chp;clfA;clfB;cna;eap/map;ebp;esaA;esaB;esaG;essA;essB;esxA;fnbA;geh;harA;hlb;hld;hlgA;hlgB;hlgC;hly/hla;hysA;icaA;icaB;icaC;icaD;icaR;isdA;isdB;isdC;isdD;isdE;isdF;isdG;isdI;lip;lukF-PV;lukS-PV;sak;sbi;scn;sdrC;sdrD;sdrE;set16;set17;set20;set22;set24;set25;set26;spa;srtB;sspA;sspB;sspC;vWbp;selX;sei;sem;seu;seo;sen;sea;selZ;sel27;sel28;sec2;sel;sel26;seb;sek;seq;sep;seh;ser;sej;sed;eta;etb;sel30
064272_102,ST772,t657,SCCmec_type_V(5C2),MRSA,,,0,adsA;aur;cap8B;cap8C;cap8D;cap8E;cap8F;cap8G;cap8L;cap8M;cap8O;cap8P;capA;capN;clfA;clfB;coa;eap/map;ebp;esaA;esaB;esaG;essA;essB;esxA;fnbA;fnbB;geh;harA;hlb;hld;hlgA;hlgB;hlgC;hly/hla;hysA;icaA;icaB;icaC;icaD;icaR;isdA;isdB;isdC;isdD;isdE;isdF;isdG;isdI;lip;lukF-PV;lukS-PV;sbi;scn;sdrC;sdrD;sdrE;sea;sec;sell;set16;set17;set18;set19;set20;set22;set23;set24;set25;spa;srtB;sspA;sspB;sspC;vWbp;selX;sei;sem;seu;seo;sen;selZ;sel27;sel28;sec2;sel;sel26;seb;sek;seq;sep;seh;ser;sej;sed;eta;etb;sel30
064273_103,ST772,t657,SCCmec_type_V(5C2),MRSA,,,0,adsA;aur;cap8B;cap8C;cap8D;cap8E;cap8F;cap8G;cap8L;cap8M;cap8O;cap8P;capA;capN;clfA;clfB;coa;eap/map;ebp;esaA;esaB;esaG;essA;essB;esxA;fnbA;fnbB;geh;harA;hlb;hld;hlgA;hlgB;hlgC;hly/hla;hysA;icaA;icaB;icaC;icaD;icaR;isdA;isdB;isdC;isdD;isdE;isdF;isdG;isdI;lip;lukF-PV;lukS-PV;sbi;scn;sdrC;sdrD;sdrE;sea;sec;sell;set16;set17;set18;set19;set20;set22;set23;set24;set25;spa;srtB;sspA;sspB;sspC;vWbp;selX;sei;sem;seu;seo;sen;selZ;sel27;sel28;sec2;sel;sel26;seb;sek;seq;sep;seh;ser;sej;sed;eta;etb;sel30
064274_104,ST772,t657,SCCmec_type_V(5C2),MRSA,,,0,adsA;aur;cap8B;cap8C;cap8D;cap8E;cap8F;cap8G;cap8L;cap8M;cap8O;cap8P;capA;capN;clfA;clfB;coa;eap/map;ebp;esaA;esaB;esaG;essA;essB;esxA;fnbA;fnbB;geh;harA;hlb;hld;hlgA;hlgB;hlgC;hly/hla;hysA;icaA;icaB;icaC;icaD;icaR;isdA;isdB;isdC;isdD;isdE;isdF;isdG;isdI;lip;lukF-PV;lukS-PV;sbi;scn;sdrC;sdrD;sdrE;sea;sec;sell;set16;set17;set18;set19;set20;set22;set23;set24;set25;spa;srtB;sspA;sspB;sspC;vWbp;selX;sei;sem;seu;seo;sen;selZ;sel27;sel28;sec2;sel;sel26;seb;sek;seq;sep;seh;ser;sej;sed;eta;etb;sel30
064275_105,ST772,t657,SCCmec_type_V(5C2),MRSA,,,0,adsA;aur;cap8B;cap8C;cap8D;cap8E;cap8F;cap8G;cap8L;cap8M;cap8O;cap8P;capA;capN;clfA;clfB;coa;eap/map;ebp;esaA;esaB;esaG;essA;essB;esxA;fnbA;fnbB;geh;harA;hlb;hld;hlgA;hlgB;hlgC;hly/hla;hysA;icaA;icaB;icaC;icaD;icaR;isdA;isdB;isdC;isdD;isdE;isdF;isdG;isdI;lip;lukF-PV;lukS-PV;sbi;scn;sdrC;sdrD;sdrE;sea;sec;sell;set16;set17;set18;set19;set20;set22;set23;set24;set25;spa;srtB;sspA;sspB;sspC;vWbp;selX;sei;sem;seu;seo;sen;selZ;sel27;sel28;sec2;sel;sel26;seb;sek;seq;sep;seh;ser;sej;sed;eta;etb;sel30
064276_106,ST121,t2304,Not Assigned,MSSA,,,0,adsA;aur;cap8B;cap8C;cap8D;cap8E;cap8F;cap8G;cap8H;cap8I;cap8J;cap8K;cap8L;cap8M;cap8O;cap8P;capA;capN;clfA;clfB;eap/map;esaA;esaB;esaD;esaE;esaG;essA;essB;essC;esxA;esxB;esxC;esxD;fnbA;fnbB;geh;harA;hlb;hld;hlgA;hlgB;hlgC;hly/hla;hysA;icaA;icaB;icaC;icaD;icaR;isdA;isdB;isdC;isdD;isdE;isdF;isdG;isdI;lip;lukF-PV;lukS-PV;sak;sbi;scn;sdrC;sdrE;seb;set16;set17;set18;set19;set20;set21;set22;set23;set24;set25;srtB;sspA;sspB;sspC;vWbp;selX;sei;sem;seu;seo;sen;sea;selZ;sel27;sel28;sec2;sel;sel26;sek;seq;sep;seh;ser;sej;sed;eta;etb;sel30
064277_107,ST7669,t657,SCCmec_type_V(5C2),MRSA,,,0,adsA;aur;cap8B;cap8C;cap8D;cap8E;cap8F;cap8G;cap8L;cap8M;cap8O;cap8P;capA;capN;clfA;clfB;coa;ebp;esaA;esaB;esaG;essA;essB;esxA;fnbA;fnbB;geh;harA;hlb;hld;hlgA;hlgB;hlgC;hly/hla;hysA;icaA;icaB;icaC;icaD;icaR;isdA;isdB;isdC;isdD;isdE;isdF;isdG;isdI;lip;lukF-PV;lukS-PV;sbi;scn;sdrC;sdrD;sdrE;sea;sec;sell;set16;set17;set18;set19;set20;set22;set23;set24;set25;spa;srtB;sspA;sspB;sspC;vWbp;selX;sei;sem;seu;seo;sen;selZ;sel27;sel28;sec2;sel;sel26;seb;sek;seq;sep;seh;ser;sej;sed;eta;etb;sel30
235627_59B,ST7669,t657,SCCmec_type_V(5C2),MRSA,,,0,adsA;aur;cap8B;cap8C;cap8D;cap8E;cap8F;cap8G;cap8L;cap8M;cap8O;cap8P;capA;capN;clfA;clfB;coa;eap/map;ebp;esaA;esaB;esaG;essA;essB;esxA;fnbA;fnbB;geh;harA;hlb;hld;hlgA;hlgB;hlgC;hly/hla;hysA;icaA;icaB;icaC;icaD;icaR;isdA;isdB;isdC;isdD;isdE;isdF;isdG;isdI;lip;lukF-PV;lukS-PV;sbi;scn;sdrC;sdrD;sdrE;sea;sec;sell;set16;set17;set18;set19;set20;set22;set23;set24;set25;spa;srtB;sspA;sspB;sspC;vWbp;selX;sei;sem;seu;seo;sen;selZ;sel27;sel28;sec2;sel;sel26;seb;sek;seq;sep;seh;ser;sej;sed;eta;etb;sel30
